category,set_number,asin,title,price,stock,url
Star Wars,75372,B0CFVY784R,"LEGO 75372 Star Wars Pack de Combat des Clone Troopers et Droïdes de Combat, Jouet pour Enfants, avec Speeder Bike, Figurine Tri-Droïde et Poste Défensif, Cadeau pour Garçons et Filles Dès 7 Ans",20.99,Stock faible (3),https://www.amazon.fr/75372-Troopers-Figurine-Tri-Dro%C3%AFde-D%C3%A9fensif/dp/B0CFVY784R/ref=sr_1_22?dib=eyJ2IjoiMSJ9.0FPv2O-fQtLqrDQKVFCOmDJ6EPPXiJp1F5YgHPkCtjK1O5oNTgMLD7Jqt7pQmHNMUxsgcLCDLE6z6PE_eUS_3KUvuwib5HqCOvUenU44sGDcoicO01N8r01b9ziwSV4-4dBR3PMvxN7jINIoNBOtVA3gRUIQLp2Ldx2wSfZESV_D-WJ3hCuhS_9k3Hk_WVM9bnOwqWThoX9pfX4RNABQnkTqMGg_kcx1cJv6o3z8nByiVpgdppe1cE8MEX4vhnLxA-mN_uu9bvGrhICvqJAZR9BOzAp7iW-pg3XNWH7ODZI.GQwQeNljJOU5Rn6d_cBWj2JhlfpD5tjxaAYE9NABHB4&dib_tag=se&keywords=lego+star+wars&qid=1758913735&sr=8-22
Star Wars,75404,B0DHSG3RKB,LEGO Star Wars L’Attaque des Clones Le Transport d’assaut de Classe Acclamator - Chasseur Collector inspiré du Film avec présentoir - Idée de Cadeau d'anniversaire pour Adulte et Adolescent 75404,35.99,Stock faible (9),https://www.amazon.fr/LEGO-LAttaque-Transport-dassaut-Acclamator/dp/B0DHSG3RKB/ref=sr_1_47?dib=eyJ2IjoiMSJ9.0FPv2O-fQtLqrDQKVFCOmDJ6EPPXiJp1F5YgHPkCtjK1O5oNTgMLD7Jqt7pQmHNMUxsgcLCDLE6z6PE_eUS_3KUvuwib5HqCOvUenU44sGDcoicO01N8r01b9ziwSV4-4dBR3PMvxN7jINIoNBOtVA3gRUIQLp2Ldx2wSfZESV_D-WJ3hCuhS_9k3Hk_WVM9bnOwqWThoX9pfX4RNABQnkTqMGg_kcx1cJv6o3z8nByiVpgdppe1cE8MEX4vhnLxA-mN_uu9bvGrhICvqJAZR9BOzAp7iW-pg3XNWH7ODZI.GQwQeNljJOU5Rn6d_cBWj2JhlfpD5tjxaAYE9NABHB4&dib_tag=se&keywords=lego+star+wars&qid=1758913735&sr=8-47
Star Wars,75192,B075NT1KHB,Star Wars Lego Millennium Falcon Ultimate Collector Series 75192,791.98,Stock faible (5),https://www.amazon.fr/Star-Wars-Millennium-Ultimate-Collector/dp/B075NT1KHB/ref=sr_1_59?dib=eyJ2IjoiMSJ9.nRuJfwn11Sy53HxgJdSQx2QOX6TmxsrEiGTM9kVliVsWcPgJgiH1PwVVUJWweSQkhsvo-Dec__vqOk6ujOAeWRX9Fa0bJC7k2faV_yYPs4s-EJIrBzUJaGI7NWiSD3-TGEku53mSi96CjMFSZ_xYtOOU-KRfmKVv1JHH0w59qpbWLbiFM1NkHWPmrVe_67C1bUuBgPFxaRV5UGWgrunL9uBOvy_yc3Xt65cPU32KPvSl9OlsqwzU-pkkqBL5_23WJzT1-J5JRiPrV9bM2BttnwW2NbY5a70cJeRNuFGzCbA.Qp9wL3z3hgyEFStjJQsJp2m5gN-SFRhNxWrL5fnuvSQ&dib_tag=se&keywords=lego+star+wars&qid=1758913762&sr=8-59&xpid=sY1ev66lgG6_V
Star Wars,75299,B08G4D1PBN,LEGO 75299 Star Wars TM Conflit à Tatooine,45.48,Stock faible (3),https://www.amazon.fr/LEGO-75299-Mandalorian-Tatooine-construction/dp/B08G4D1PBN/ref=sr_1_61_mod_primary_new?dib=eyJ2IjoiMSJ9.nRuJfwn11Sy53HxgJdSQx2QOX6TmxsrEiGTM9kVliVsWcPgJgiH1PwVVUJWweSQkhsvo-Dec__vqOk6ujOAeWRX9Fa0bJC7k2faV_yYPs4s-EJIrBzUJaGI7NWiSD3-TGEku53mSi96CjMFSZ_xYtOOU-KRfmKVv1JHH0w59qpbWLbiFM1NkHWPmrVe_67C1bUuBgPFxaRV5UGWgrunL9uBOvy_yc3Xt65cPU32KPvSl9OlsqwzU-pkkqBL5_23WJzT1-J5JRiPrV9bM2BttnwW2NbY5a70cJeRNuFGzCbA.Qp9wL3z3hgyEFStjJQsJp2m5gN-SFRhNxWrL5fnuvSQ&dib_tag=se&keywords=lego+star+wars&qid=1758913762&sbo=RZvfv%2F%2FHxDF%2BO5021pAnSA%3D%3D&sr=8-61&xpid=sY1ev66lgG6_V
Star Wars,75301,B08G4GP34B,"LEGO 75301 Star Wars X-Wing Fighter de Luke Skywalker: Jouet Vaisseau Spatial avec Figurines Princesse Leia et Droïde R2-D2, pour Fans de La Saga Star Wars, Cadeau pour Enfants de 9 Ans et Plus",102.88,Stock faible (2),https://www.amazon.fr/LEGO-Wars75301-Skywalker-princesse-figurine/dp/B08G4GP34B/ref=sr_1_62?dib=eyJ2IjoiMSJ9.nRuJfwn11Sy53HxgJdSQx2QOX6TmxsrEiGTM9kVliVsWcPgJgiH1PwVVUJWweSQkhsvo-Dec__vqOk6ujOAeWRX9Fa0bJC7k2faV_yYPs4s-EJIrBzUJaGI7NWiSD3-TGEku53mSi96CjMFSZ_xYtOOU-KRfmKVv1JHH0w59qpbWLbiFM1NkHWPmrVe_67C1bUuBgPFxaRV5UGWgrunL9uBOvy_yc3Xt65cPU32KPvSl9OlsqwzU-pkkqBL5_23WJzT1-J5JRiPrV9bM2BttnwW2NbY5a70cJeRNuFGzCbA.Qp9wL3z3hgyEFStjJQsJp2m5gN-SFRhNxWrL5fnuvSQ&dib_tag=se&keywords=lego+star+wars&qid=1758913762&sr=8-62&xpid=sY1ev66lgG6_V
Star Wars,75360,B0BV7B69QT,"LEGO Star Wars Yoda's Jedi Starfighter, Bouwbaar Speelgoed voor Kinderen, The Clone Wars Voertuig met Meester Yoda Minifiguur, Lichtzwaard en Droid R2-D2 Figuur, Cadeau voor Jongens en Meisjes 75360",47.08,Stock faible (1),https://www.amazon.fr/LEGO-75360-Construction-V%C3%A9hicules-Minifigurine/dp/B0BV7B69QT/ref=sr_1_63?dib=eyJ2IjoiMSJ9.nRuJfwn11Sy53HxgJdSQx2QOX6TmxsrEiGTM9kVliVsWcPgJgiH1PwVVUJWweSQkhsvo-Dec__vqOk6ujOAeWRX9Fa0bJC7k2faV_yYPs4s-EJIrBzUJaGI7NWiSD3-TGEku53mSi96CjMFSZ_xYtOOU-KRfmKVv1JHH0w59qpbWLbiFM1NkHWPmrVe_67C1bUuBgPFxaRV5UGWgrunL9uBOvy_yc3Xt65cPU32KPvSl9OlsqwzU-pkkqBL5_23WJzT1-J5JRiPrV9bM2BttnwW2NbY5a70cJeRNuFGzCbA.Qp9wL3z3hgyEFStjJQsJp2m5gN-SFRhNxWrL5fnuvSQ&dib_tag=se&keywords=lego+star+wars&qid=1758913762&sr=8-63&xpid=sY1ev66lgG6_V
Star Wars,40686,B0D33XFYPL,Lego Star Wars 25ème Anniversaire GWP 40686 : Trade Federation Troop Carrier Model à Construire – Célébrez la Menace fantôme avec 8 Figurines et Une caractéristique emblématique de Support,66.11,Stock faible (1),https://www.amazon.fr/LEGO-Star-25%C3%A8me-anniversaire-40686/dp/B0D33XFYPL/ref=sr_1_65?dib=eyJ2IjoiMSJ9.nRuJfwn11Sy53HxgJdSQx2QOX6TmxsrEiGTM9kVliVsWcPgJgiH1PwVVUJWweSQkhsvo-Dec__vqOk6ujOAeWRX9Fa0bJC7k2faV_yYPs4s-EJIrBzUJaGI7NWiSD3-TGEku53mSi96CjMFSZ_xYtOOU-KRfmKVv1JHH0w59qpbWLbiFM1NkHWPmrVe_67C1bUuBgPFxaRV5UGWgrunL9uBOvy_yc3Xt65cPU32KPvSl9OlsqwzU-pkkqBL5_23WJzT1-J5JRiPrV9bM2BttnwW2NbY5a70cJeRNuFGzCbA.Qp9wL3z3hgyEFStjJQsJp2m5gN-SFRhNxWrL5fnuvSQ&dib_tag=se&keywords=lego+star+wars&qid=1758913762&sr=8-65&xpid=sY1ev66lgG6_V
Star Wars,30685,B0D3433Y1V,"Lego Star Wars Tie Interceptor 30685 Polybag, Construire et Exposer",10.01,Stock faible (2),https://www.amazon.fr/LEGO-Interceptor-30685-Polybag-construire/dp/B0D3433Y1V/ref=sr_1_66?dib=eyJ2IjoiMSJ9.nRuJfwn11Sy53HxgJdSQx2QOX6TmxsrEiGTM9kVliVsWcPgJgiH1PwVVUJWweSQkhsvo-Dec__vqOk6ujOAeWRX9Fa0bJC7k2faV_yYPs4s-EJIrBzUJaGI7NWiSD3-TGEku53mSi96CjMFSZ_xYtOOU-KRfmKVv1JHH0w59qpbWLbiFM1NkHWPmrVe_67C1bUuBgPFxaRV5UGWgrunL9uBOvy_yc3Xt65cPU32KPvSl9OlsqwzU-pkkqBL5_23WJzT1-J5JRiPrV9bM2BttnwW2NbY5a70cJeRNuFGzCbA.Qp9wL3z3hgyEFStjJQsJp2m5gN-SFRhNxWrL5fnuvSQ&dib_tag=se&keywords=lego+star+wars&qid=1758913762&sr=8-66&xpid=sY1ev66lgG6_V
Star Wars,75369,B0BV7CDGCR,"LEGO Star Wars 75369 Le Robot Boba Fett, Figurine a Construire avec Blaster Lance-Tenons et Jetpack",19.19,Stock faible (3),https://www.amazon.fr/LEGO-75369-Lance-Tenons-Projectiles-Collectionner/dp/B0BV7CDGCR/ref=sr_1_71?dib=eyJ2IjoiMSJ9.nRuJfwn11Sy53HxgJdSQx2QOX6TmxsrEiGTM9kVliVsWcPgJgiH1PwVVUJWweSQkhsvo-Dec__vqOk6ujOAeWRX9Fa0bJC7k2faV_yYPs4s-EJIrBzUJaGI7NWiSD3-TGEku53mSi96CjMFSZ_xYtOOU-KRfmKVv1JHH0w59qpbWLbiFM1NkHWPmrVe_67C1bUuBgPFxaRV5UGWgrunL9uBOvy_yc3Xt65cPU32KPvSl9OlsqwzU-pkkqBL5_23WJzT1-J5JRiPrV9bM2BttnwW2NbY5a70cJeRNuFGzCbA.Qp9wL3z3hgyEFStjJQsJp2m5gN-SFRhNxWrL5fnuvSQ&dib_tag=se&keywords=lego+star+wars&qid=1758913762&sr=8-71&xpid=sY1ev66lgG6_V
Star Wars,75324,B09BNV1HRL,"Lego 75324 Star Wars L'Attaque des Dark Troopers, Jouet Mandalorian à Construire avec Minifigure Luke Skywalker et Son Sabre Laser",45.01,Stock faible (7),https://www.amazon.fr/LEGO-75324-Mandalorian-Construire-Minifigure/dp/B09BNV1HRL/ref=sr_1_75?dib=eyJ2IjoiMSJ9.nRuJfwn11Sy53HxgJdSQx2QOX6TmxsrEiGTM9kVliVsWcPgJgiH1PwVVUJWweSQkhsvo-Dec__vqOk6ujOAeWRX9Fa0bJC7k2faV_yYPs4s-EJIrBzUJaGI7NWiSD3-TGEku53mSi96CjMFSZ_xYtOOU-KRfmKVv1JHH0w59qpbWLbiFM1NkHWPmrVe_67C1bUuBgPFxaRV5UGWgrunL9uBOvy_yc3Xt65cPU32KPvSl9OlsqwzU-pkkqBL5_23WJzT1-J5JRiPrV9bM2BttnwW2NbY5a70cJeRNuFGzCbA.Qp9wL3z3hgyEFStjJQsJp2m5gN-SFRhNxWrL5fnuvSQ&dib_tag=se&keywords=lego+star+wars&qid=1758913762&sr=8-75&xpid=sY1ev66lgG6_V
Star Wars,75372,B0CTTDSR79,"Lego Star Wars 75372 Clone Trooper & Battle Droid Battle Pack, 75359 Clone Trooper le 332ème Compagnie Battle Pack & 75345 501st Clone Troopers Battle Pack",72.39,Stock faible (4),https://www.amazon.fr/Trooper-Battle-332%C3%A8me-Compagnie-Troopers/dp/B0CTTDSR79/ref=sr_1_78?dib=eyJ2IjoiMSJ9.nRuJfwn11Sy53HxgJdSQx2QOX6TmxsrEiGTM9kVliVsWcPgJgiH1PwVVUJWweSQkhsvo-Dec__vqOk6ujOAeWRX9Fa0bJC7k2faV_yYPs4s-EJIrBzUJaGI7NWiSD3-TGEku53mSi96CjMFSZ_xYtOOU-KRfmKVv1JHH0w59qpbWLbiFM1NkHWPmrVe_67C1bUuBgPFxaRV5UGWgrunL9uBOvy_yc3Xt65cPU32KPvSl9OlsqwzU-pkkqBL5_23WJzT1-J5JRiPrV9bM2BttnwW2NbY5a70cJeRNuFGzCbA.Qp9wL3z3hgyEFStjJQsJp2m5gN-SFRhNxWrL5fnuvSQ&dib_tag=se&keywords=lego+star+wars&qid=1758913762&sr=8-78&xpid=sY1ev66lgG6_V
Star Wars,75312,B08WWTPDG2,"LEGO 75312 Star Wars Le Vaisseau de Boba Fett: Set avec 2 Figurines, Idéal pour Les Fans de La Saga Star Wars, Jouet pour Enfants de 9 Ans et Plus, Cadeau de Collection pour Fans de Boba Fett",76.07,Stock faible (1),https://www.amazon.fr/LEGO-75312-Star-Wars-Vaisseau/dp/B08WWTPDG2/ref=sr_1_79_mod_primary_new?dib=eyJ2IjoiMSJ9.nRuJfwn11Sy53HxgJdSQx2QOX6TmxsrEiGTM9kVliVsWcPgJgiH1PwVVUJWweSQkhsvo-Dec__vqOk6ujOAeWRX9Fa0bJC7k2faV_yYPs4s-EJIrBzUJaGI7NWiSD3-TGEku53mSi96CjMFSZ_xYtOOU-KRfmKVv1JHH0w59qpbWLbiFM1NkHWPmrVe_67C1bUuBgPFxaRV5UGWgrunL9uBOvy_yc3Xt65cPU32KPvSl9OlsqwzU-pkkqBL5_23WJzT1-J5JRiPrV9bM2BttnwW2NbY5a70cJeRNuFGzCbA.Qp9wL3z3hgyEFStjJQsJp2m5gN-SFRhNxWrL5fnuvSQ&dib_tag=se&keywords=lego+star+wars&qid=1758913762&sbo=RZvfv%2F%2FHxDF%2BO5021pAnSA%3D%3D&sr=8-79&xpid=sY1ev66lgG6_V
Star Wars,30278,B01A8X99SM,Jeux de construction Lego Star Wars Poe's X-Wing Fighter [30278],28.00,Stock faible (1),https://www.amazon.fr/Jeux-construction-X-Wing-Fighter-30278/dp/B01A8X99SM/ref=sr_1_81?dib=eyJ2IjoiMSJ9.nRuJfwn11Sy53HxgJdSQx2QOX6TmxsrEiGTM9kVliVsWcPgJgiH1PwVVUJWweSQkhsvo-Dec__vqOk6ujOAeWRX9Fa0bJC7k2faV_yYPs4s-EJIrBzUJaGI7NWiSD3-TGEku53mSi96CjMFSZ_xYtOOU-KRfmKVv1JHH0w59qpbWLbiFM1NkHWPmrVe_67C1bUuBgPFxaRV5UGWgrunL9uBOvy_yc3Xt65cPU32KPvSl9OlsqwzU-pkkqBL5_23WJzT1-J5JRiPrV9bM2BttnwW2NbY5a70cJeRNuFGzCbA.Qp9wL3z3hgyEFStjJQsJp2m5gN-SFRhNxWrL5fnuvSQ&dib_tag=se&keywords=lego+star+wars&qid=1758913762&sr=8-81&xpid=sY1ev66lgG6_V
Star Wars,75356,B0DHLDM7PG,"Lego Star Wars 75356 - Lego Star Destroyer Executor, Imperial Super Star Destroyer Set (Carrelage Imprimé)",119.99,Stock faible (2),https://www.amazon.fr/Lego-Star-Destroyer-d%C3%A9toiles-Interceptor/dp/B0DHLDM7PG/ref=sr_1_83?dib=eyJ2IjoiMSJ9.nRuJfwn11Sy53HxgJdSQx2QOX6TmxsrEiGTM9kVliVsWcPgJgiH1PwVVUJWweSQkhsvo-Dec__vqOk6ujOAeWRX9Fa0bJC7k2faV_yYPs4s-EJIrBzUJaGI7NWiSD3-TGEku53mSi96CjMFSZ_xYtOOU-KRfmKVv1JHH0w59qpbWLbiFM1NkHWPmrVe_67C1bUuBgPFxaRV5UGWgrunL9uBOvy_yc3Xt65cPU32KPvSl9OlsqwzU-pkkqBL5_23WJzT1-J5JRiPrV9bM2BttnwW2NbY5a70cJeRNuFGzCbA.Qp9wL3z3hgyEFStjJQsJp2m5gN-SFRhNxWrL5fnuvSQ&dib_tag=se&keywords=lego+star+wars&qid=1758913762&sr=8-83&xpid=sY1ev66lgG6_V
Star Wars,75332,B09QFVV1KR,"LEGO 75332 Star Wars at-St, Jeu de Construction, Marcheur, avec Minifigurines Scout Trooper, Ewok, Pistolets Blasters, Décoration Le Retour du Jedi",40.58,Stock faible (1),https://www.amazon.fr/LEGO-75332-Jouet-de-Construction/dp/B09QFVV1KR/ref=sr_1_86?dib=eyJ2IjoiMSJ9.nRuJfwn11Sy53HxgJdSQx2QOX6TmxsrEiGTM9kVliVsWcPgJgiH1PwVVUJWweSQkhsvo-Dec__vqOk6ujOAeWRX9Fa0bJC7k2faV_yYPs4s-EJIrBzUJaGI7NWiSD3-TGEku53mSi96CjMFSZ_xYtOOU-KRfmKVv1JHH0w59qpbWLbiFM1NkHWPmrVe_67C1bUuBgPFxaRV5UGWgrunL9uBOvy_yc3Xt65cPU32KPvSl9OlsqwzU-pkkqBL5_23WJzT1-J5JRiPrV9bM2BttnwW2NbY5a70cJeRNuFGzCbA.Qp9wL3z3hgyEFStjJQsJp2m5gN-SFRhNxWrL5fnuvSQ&dib_tag=se&keywords=lego+star+wars&qid=1758913762&sr=8-86&xpid=sY1ev66lgG6_V
Star Wars,75317,B084CKR6VP,"LEGO 75317 BrickHeadz Star Wars Le Mandalorien et l’Enfant, Jouet de Construction, Figurine Bébé Yoda, Idée Cadeau Garçons et Filles 10 Ans et Plus",34.31,Stock faible (8),https://www.amazon.fr/LEGO-Construction-Multicolore-Taille-Unique/dp/B084CKR6VP/ref=sr_1_87?dib=eyJ2IjoiMSJ9.nRuJfwn11Sy53HxgJdSQx2QOX6TmxsrEiGTM9kVliVsWcPgJgiH1PwVVUJWweSQkhsvo-Dec__vqOk6ujOAeWRX9Fa0bJC7k2faV_yYPs4s-EJIrBzUJaGI7NWiSD3-TGEku53mSi96CjMFSZ_xYtOOU-KRfmKVv1JHH0w59qpbWLbiFM1NkHWPmrVe_67C1bUuBgPFxaRV5UGWgrunL9uBOvy_yc3Xt65cPU32KPvSl9OlsqwzU-pkkqBL5_23WJzT1-J5JRiPrV9bM2BttnwW2NbY5a70cJeRNuFGzCbA.Qp9wL3z3hgyEFStjJQsJp2m5gN-SFRhNxWrL5fnuvSQ&dib_tag=se&keywords=lego+star+wars&qid=1758913762&sr=8-87&xpid=sY1ev66lgG6_V
Star Wars,75370,B0BV7DCMY5,"LEGO 75370 Star Wars Le Robot Stormtrooper, Maquette de Figurine à Construire avec Pièces Articulées, Minifigurine et Blaster Lance-Tenons, Jouet pour Enfants, Garçons et Filles Dès 6 Ans",29.99,Stock faible (6),https://www.amazon.fr/LEGO-75370-Stormtrooper-Minifigurine-Lance-Tenons/dp/B0BV7DCMY5/ref=sr_1_88_mod_primary_new?dib=eyJ2IjoiMSJ9.nRuJfwn11Sy53HxgJdSQx2QOX6TmxsrEiGTM9kVliVsWcPgJgiH1PwVVUJWweSQkhsvo-Dec__vqOk6ujOAeWRX9Fa0bJC7k2faV_yYPs4s-EJIrBzUJaGI7NWiSD3-TGEku53mSi96CjMFSZ_xYtOOU-KRfmKVv1JHH0w59qpbWLbiFM1NkHWPmrVe_67C1bUuBgPFxaRV5UGWgrunL9uBOvy_yc3Xt65cPU32KPvSl9OlsqwzU-pkkqBL5_23WJzT1-J5JRiPrV9bM2BttnwW2NbY5a70cJeRNuFGzCbA.Qp9wL3z3hgyEFStjJQsJp2m5gN-SFRhNxWrL5fnuvSQ&dib_tag=se&keywords=lego+star+wars&qid=1758913762&sbo=RZvfv%2F%2FHxDF%2BO5021pAnSA%3D%3D&sr=8-88&xpid=sY1ev66lgG6_V
Star Wars,75324,B09JKYR3CT,"LEGO Star Wars Dark Trooper Attack 75324 Building Kit; Fun, Buildable Toy Playset for Kids Aged 8 and up (166 Pieces)",53.52,Stock faible (4),https://www.amazon.fr/LEGO-Trooper-Building-Buildable-Playset/dp/B09JKYR3CT/ref=sr_1_94_mod_primary_new?dib=eyJ2IjoiMSJ9.nRuJfwn11Sy53HxgJdSQx2QOX6TmxsrEiGTM9kVliVsWcPgJgiH1PwVVUJWweSQkhsvo-Dec__vqOk6ujOAeWRX9Fa0bJC7k2faV_yYPs4s-EJIrBzUJaGI7NWiSD3-TGEku53mSi96CjMFSZ_xYtOOU-KRfmKVv1JHH0w59qpbWLbiFM1NkHWPmrVe_67C1bUuBgPFxaRV5UGWgrunL9uBOvy_yc3Xt65cPU32KPvSl9OlsqwzU-pkkqBL5_23WJzT1-J5JRiPrV9bM2BttnwW2NbY5a70cJeRNuFGzCbA.Qp9wL3z3hgyEFStjJQsJp2m5gN-SFRhNxWrL5fnuvSQ&dib_tag=se&keywords=lego+star+wars&qid=1758913762&sbo=RZvfv%2F%2FHxDF%2BO5021pAnSA%3D%3D&sr=8-94&xpid=sY1ev66lgG6_V
Star Wars,75358,B0BPCDVL8R,"LEGO Star Wars Le Temple Jedi de Tenoo, avec Maître Yoda, Sabres Laser, Figurine de Droïde et Speeder, Jouet de Construction pour Enfants, Garçons et Filles Dès 4 Ans 75358",27.62,Stock faible (15),https://www.amazon.fr/LEGO-75358-Figurine-Speeder-Construction/dp/B0BPCDVL8R/ref=sr_1_96?dib=eyJ2IjoiMSJ9.nRuJfwn11Sy53HxgJdSQx2QOX6TmxsrEiGTM9kVliVsWcPgJgiH1PwVVUJWweSQkhsvo-Dec__vqOk6ujOAeWRX9Fa0bJC7k2faV_yYPs4s-EJIrBzUJaGI7NWiSD3-TGEku53mSi96CjMFSZ_xYtOOU-KRfmKVv1JHH0w59qpbWLbiFM1NkHWPmrVe_67C1bUuBgPFxaRV5UGWgrunL9uBOvy_yc3Xt65cPU32KPvSl9OlsqwzU-pkkqBL5_23WJzT1-J5JRiPrV9bM2BttnwW2NbY5a70cJeRNuFGzCbA.Qp9wL3z3hgyEFStjJQsJp2m5gN-SFRhNxWrL5fnuvSQ&dib_tag=se&keywords=lego+star+wars&qid=1758913762&sr=8-96&xpid=sY1ev66lgG6_V
Harry Potter,76427,B0CWH1ZBTY,"LEGO Harry Potter Buck - Hippogriffe - Figurine de Créature Magique - Set pour Enfants à Collectionner - Idée de Cadeau pour Les Garçons, Les Filles et Les Fans à Partir de 9 Ans 76427",43.99,Stock faible (2),https://www.amazon.fr/LEGO-Harry-Potter-Buck-Collectionner/dp/B0CWH1ZBTY/ref=sr_1_28?dib=eyJ2IjoiMSJ9._4ohITTbnQYnptneYOSU-OxhryP17tEupHig3-oBQ4ZHGBBfGC79VgZDV6oZ6n3HSmlxrfbbwbzXV2rpoZREIN0SKLyUkThuC5Z9jna2rWlP_7nel5C_iXBABGxJczI_WZsDgYYG6t9RfYQeHQklJuXg2v7X_5W2g8Aq-xCRqoom5CN0lzvxNs13i9LP_xi3RemBn0UiFNoJiP01Wpgq7z00zKGWCH9Zd1jK4B5IHpyN_zKJ6e98aNAnvBBw_67iKU1UxVaq4Sy3qHBktl0TG1KiMD_rlfA2J4sqEIxRiO8.gBcI6gfx3b7g7U7-oZfkvO6nnLimfe_Ry8JnDP36EfM&dib_tag=se&keywords=lego+harry+potter&qid=1758913786&sr=8-28
Harry Potter,76432,B0CFW16NDL,"LEGO Harry Potter La Forêt Interdite : Les Créatures Magiques, Jouet Fantastique pour Enfants, avec Animaux, Figurines de Buck et Un Sombral, Idée Cadeau pour Filles, Garçons et Fans dès 8 Ans 76432",30.99,Stock faible (9),https://www.amazon.fr/LEGO-TBD-HP-2024-9/dp/B0CFW16NDL/ref=sr_1_45?dib=eyJ2IjoiMSJ9._4ohITTbnQYnptneYOSU-OxhryP17tEupHig3-oBQ4ZHGBBfGC79VgZDV6oZ6n3HSmlxrfbbwbzXV2rpoZREIN0SKLyUkThuC5Z9jna2rWlP_7nel5C_iXBABGxJczI_WZsDgYYG6t9RfYQeHQklJuXg2v7X_5W2g8Aq-xCRqoom5CN0lzvxNs13i9LP_xi3RemBn0UiFNoJiP01Wpgq7z00zKGWCH9Zd1jK4B5IHpyN_zKJ6e98aNAnvBBw_67iKU1UxVaq4Sy3qHBktl0TG1KiMD_rlfA2J4sqEIxRiO8.gBcI6gfx3b7g7U7-oZfkvO6nnLimfe_Ry8JnDP36EfM&dib_tag=se&keywords=lego+harry+potter&qid=1758913786&sr=8-45
Harry Potter,75979,B08HGWHNGN,LEGO 75979 Harry Potter Hedwig Jouet de Construction de Chouette avec Ailes Mobiles Modèle d'exposition à Collectionner,84.61,Stock faible (4),https://www.amazon.fr/LEGO-Harry-Potter-Hedwig-75979/dp/B08HGWHNGN/ref=sr_1_48_mod_primary_new?dib=eyJ2IjoiMSJ9._4ohITTbnQYnptneYOSU-OxhryP17tEupHig3-oBQ4ZHGBBfGC79VgZDV6oZ6n3HSmlxrfbbwbzXV2rpoZREIN0SKLyUkThuC5Z9jna2rWlP_7nel5C_iXBABGxJczI_WZsDgYYG6t9RfYQeHQklJuXg2v7X_5W2g8Aq-xCRqoom5CN0lzvxNs13i9LP_xi3RemBn0UiFNoJiP01Wpgq7z00zKGWCH9Zd1jK4B5IHpyN_zKJ6e98aNAnvBBw_67iKU1UxVaq4Sy3qHBktl0TG1KiMD_rlfA2J4sqEIxRiO8.gBcI6gfx3b7g7U7-oZfkvO6nnLimfe_Ry8JnDP36EfM&dib_tag=se&keywords=lego+harry+potter&qid=1758913786&sbo=RZvfv%2F%2FHxDF%2BO5021pAnSA%3D%3D&sr=8-48
Harry Potter,75953,B0792QK8GL,"LEGO 75953 Harry Potter Le Saule Cogneur du château de Poudlard, Cadeau de Fan du Monde Sorcier",111.46,Stock faible (14),https://www.amazon.fr/Lego-Harry-Potter-Poudlard-Construction/dp/B0792QK8GL/ref=sr_1_50?dib=eyJ2IjoiMSJ9._4ohITTbnQYnptneYOSU-OxhryP17tEupHig3-oBQ4ZHGBBfGC79VgZDV6oZ6n3HSmlxrfbbwbzXV2rpoZREIN0SKLyUkThuC5Z9jna2rWlP_7nel5C_iXBABGxJczI_WZsDgYYG6t9RfYQeHQklJuXg2v7X_5W2g8Aq-xCRqoom5CN0lzvxNs13i9LP_xi3RemBn0UiFNoJiP01Wpgq7z00zKGWCH9Zd1jK4B5IHpyN_zKJ6e98aNAnvBBw_67iKU1UxVaq4Sy3qHBktl0TG1KiMD_rlfA2J4sqEIxRiO8.gBcI6gfx3b7g7U7-oZfkvO6nnLimfe_Ry8JnDP36EfM&dib_tag=se&keywords=lego+harry+potter&qid=1758913786&sr=8-50
Harry Potter,76406,B09QFWN686,"LEGO 76406 Harry Potter Le Magyar à Pointes: Figurine de Dragon à Collectionner, Jouet Fantastique, Décoration de Chambre, Idée de Cadeau d'anniversaire ou Noël pour Fans de Harry Potter",89.98,Stock faible (1),https://www.amazon.fr/LEGO-76406-Collectionner-D%C3%A9coration-Anniversaire/dp/B09QFWN686/ref=sr_1_52_mod_primary_new?dib=eyJ2IjoiMSJ9._4ohITTbnQYnptneYOSU-OxhryP17tEupHig3-oBQ4ZHGBBfGC79VgZDV6oZ6n3HSmlxrfbbwbzXV2rpoZREIN0SKLyUkThuC5Z9jna2rWlP_7nel5C_iXBABGxJczI_WZsDgYYG6t9RfYQeHQklJuXg2v7X_5W2g8Aq-xCRqoom5CN0lzvxNs13i9LP_xi3RemBn0UiFNoJiP01Wpgq7z00zKGWCH9Zd1jK4B5IHpyN_zKJ6e98aNAnvBBw_67iKU1UxVaq4Sy3qHBktl0TG1KiMD_rlfA2J4sqEIxRiO8.gBcI6gfx3b7g7U7-oZfkvO6nnLimfe_Ry8JnDP36EfM&dib_tag=se&keywords=lego+harry+potter&qid=1758913786&sbo=RZvfv%2F%2FHxDF%2BO5021pAnSA%3D%3D&sr=8-52
Harry Potter,75948,B07G3S3M9J,LEGO 75948 Harry Potter TM La Tour de l'horloge de Poudlard,109.93,Stock faible (12),https://www.amazon.fr/Lego%C2%AE-Conf-Potter-Construction-Multicolore/dp/B07G3S3M9J/ref=sr_1_50?dib=eyJ2IjoiMSJ9._gAkcXCrHTFX4iDz_rvjF8VQofqsyZZCBPMVkNE_jzL1FbqRbqjzXegybvJWUFKkfV-1reEeGz2SQ0mqVSuVlIZdpDcK-OCYd2phZKetKykul2MVoY0jcJ0SiYaKrbmaY7eA0gNQlWvusLkLMGW7JBJmVexWWlHGMpDDMX9egIjHQc2FWh79ugNB2dQOWObE3X67U6_9RZFCQcsVex5buWM5CL3msjfzIu9_p7fkPgewMZjGPqVww-wO1pPh_Dyo-SkcaK9XmOj7hicy5cHQWafPnuurILjQdII2X4nc6SI.sNl-gi-4MW2kYSqCLB2lpI5dBWm0DXmTu4ri3k6mfxY&dib_tag=se&keywords=lego+harry+potter&qid=1758913812&sr=8-50&xpid=qDwjXBrSoP9zE
Harry Potter,76407,B09QFQFY8D,"LEGO 76407 Harry Potter La Cabane Hurlante Et Le Saule Cogneur, Jouet sur Prisonnier D'Azkaban, Set pour Enfants De 9 Ans, Idée Cadeau Anniversaire",119.99,Stock faible (1),https://www.amazon.fr/LEGO-76407-Hurlante-Prisonnier-Anniversaire/dp/B09QFQFY8D/ref=sr_1_52?dib=eyJ2IjoiMSJ9._gAkcXCrHTFX4iDz_rvjF8VQofqsyZZCBPMVkNE_jzL1FbqRbqjzXegybvJWUFKkfV-1reEeGz2SQ0mqVSuVlIZdpDcK-OCYd2phZKetKykul2MVoY0jcJ0SiYaKrbmaY7eA0gNQlWvusLkLMGW7JBJmVexWWlHGMpDDMX9egIjHQc2FWh79ugNB2dQOWObE3X67U6_9RZFCQcsVex5buWM5CL3msjfzIu9_p7fkPgewMZjGPqVww-wO1pPh_Dyo-SkcaK9XmOj7hicy5cHQWafPnuurILjQdII2X4nc6SI.sNl-gi-4MW2kYSqCLB2lpI5dBWm0DXmTu4ri3k6mfxY&dib_tag=se&keywords=lego+harry+potter&qid=1758913812&sr=8-52&xpid=qDwjXBrSoP9zE
Harry Potter,76420,B0BBRV5BKP,"LEGO 76420 Harry Potter Le Tournoi des Trois Sorciers : Le Lac Noir, Jouet avec Maquette de Bateau et 5 Minifigurines, Construction pour Enfants, Garçons & Filles",45.89,Stock faible (4),https://www.amazon.fr/LEGO-76420-TBD-2023-V29/dp/B0BBRV5BKP/ref=sr_1_54?dib=eyJ2IjoiMSJ9._gAkcXCrHTFX4iDz_rvjF8VQofqsyZZCBPMVkNE_jzL1FbqRbqjzXegybvJWUFKkfV-1reEeGz2SQ0mqVSuVlIZdpDcK-OCYd2phZKetKykul2MVoY0jcJ0SiYaKrbmaY7eA0gNQlWvusLkLMGW7JBJmVexWWlHGMpDDMX9egIjHQc2FWh79ugNB2dQOWObE3X67U6_9RZFCQcsVex5buWM5CL3msjfzIu9_p7fkPgewMZjGPqVww-wO1pPh_Dyo-SkcaK9XmOj7hicy5cHQWafPnuurILjQdII2X4nc6SI.sNl-gi-4MW2kYSqCLB2lpI5dBWm0DXmTu4ri3k6mfxY&dib_tag=se&keywords=lego+harry+potter&qid=1758913812&sr=8-54&xpid=qDwjXBrSoP9zE
Harry Potter,76382,B08HW1WGJF,"LEGO Harry Potter Hogwarts Moment: Transfiguration Class 76382 Professor McGonagall Room; Collectible Playset, New 2021 (240 Pieces)",42.50,Stock faible (4),https://www.amazon.fr/LEGO-Harry-Potter-Poudlard-Moment/dp/B08HW1WGJF/ref=sr_1_58?dib=eyJ2IjoiMSJ9._gAkcXCrHTFX4iDz_rvjF8VQofqsyZZCBPMVkNE_jzL1FbqRbqjzXegybvJWUFKkfV-1reEeGz2SQ0mqVSuVlIZdpDcK-OCYd2phZKetKykul2MVoY0jcJ0SiYaKrbmaY7eA0gNQlWvusLkLMGW7JBJmVexWWlHGMpDDMX9egIjHQc2FWh79ugNB2dQOWObE3X67U6_9RZFCQcsVex5buWM5CL3msjfzIu9_p7fkPgewMZjGPqVww-wO1pPh_Dyo-SkcaK9XmOj7hicy5cHQWafPnuurILjQdII2X4nc6SI.sNl-gi-4MW2kYSqCLB2lpI5dBWm0DXmTu4ri3k6mfxY&dib_tag=se&keywords=lego+harry+potter&qid=1758913812&sr=8-58&xpid=qDwjXBrSoP9zE
Harry Potter,75966,B0858N8JXY,"LEGO Harry Potter Hogwarts Room of Requirement 75966 Dumbledore's Army Gift Idea from Harry Potter and The Order of The Phoenix, New 2020 (193 Pieces)",46.61,Stock faible (4),https://www.amazon.fr/MELARQT-Poudlard-Requires-Dumbledores-Phoenix/dp/B0858N8JXY/ref=sr_1_60?dib=eyJ2IjoiMSJ9._gAkcXCrHTFX4iDz_rvjF8VQofqsyZZCBPMVkNE_jzL1FbqRbqjzXegybvJWUFKkfV-1reEeGz2SQ0mqVSuVlIZdpDcK-OCYd2phZKetKykul2MVoY0jcJ0SiYaKrbmaY7eA0gNQlWvusLkLMGW7JBJmVexWWlHGMpDDMX9egIjHQc2FWh79ugNB2dQOWObE3X67U6_9RZFCQcsVex5buWM5CL3msjfzIu9_p7fkPgewMZjGPqVww-wO1pPh_Dyo-SkcaK9XmOj7hicy5cHQWafPnuurILjQdII2X4nc6SI.sNl-gi-4MW2kYSqCLB2lpI5dBWm0DXmTu4ri3k6mfxY&dib_tag=se&keywords=lego+harry+potter&qid=1758913812&sr=8-60&xpid=qDwjXBrSoP9zE
Harry Potter,76410,B0BBS54MW7,"LEGO 76410 Harry Potter Le Blason de la Maison Serpentard: Jouet à Construire à Poudlard, Décoration Murale, Collectionnez avec Minifigurine de Draco Malfoy, Rendez Hommage à Votre Maison Préférée",50.44,Stock faible (13),https://www.amazon.fr/LEGO-76410-Serpentard-Collectionner-Minifigurine/dp/B0BBS54MW7/ref=sr_1_61?dib=eyJ2IjoiMSJ9._gAkcXCrHTFX4iDz_rvjF8VQofqsyZZCBPMVkNE_jzL1FbqRbqjzXegybvJWUFKkfV-1reEeGz2SQ0mqVSuVlIZdpDcK-OCYd2phZKetKykul2MVoY0jcJ0SiYaKrbmaY7eA0gNQlWvusLkLMGW7JBJmVexWWlHGMpDDMX9egIjHQc2FWh79ugNB2dQOWObE3X67U6_9RZFCQcsVex5buWM5CL3msjfzIu9_p7fkPgewMZjGPqVww-wO1pPh_Dyo-SkcaK9XmOj7hicy5cHQWafPnuurILjQdII2X4nc6SI.sNl-gi-4MW2kYSqCLB2lpI5dBWm0DXmTu4ri3k6mfxY&dib_tag=se&keywords=lego+harry+potter&qid=1758913812&sr=8-61&xpid=qDwjXBrSoP9zE
Harry Potter,40770,B0FPXS7676,LEGO Harry Potter - La Salle sur Demande Château de Poudlard - Set Collector Exclusif Rare - 40770 - Cadeau pour Fille et garçon à partir de 8 Ans,62.74,Stock faible (1),https://www.amazon.fr/dp/B0FPXS7676/ref=sr_1_62?dib=eyJ2IjoiMSJ9._gAkcXCrHTFX4iDz_rvjF8VQofqsyZZCBPMVkNE_jzL1FbqRbqjzXegybvJWUFKkfV-1reEeGz2SQ0mqVSuVlIZdpDcK-OCYd2phZKetKykul2MVoY0jcJ0SiYaKrbmaY7eA0gNQlWvusLkLMGW7JBJmVexWWlHGMpDDMX9egIjHQc2FWh79ugNB2dQOWObE3X67U6_9RZFCQcsVex5buWM5CL3msjfzIu9_p7fkPgewMZjGPqVww-wO1pPh_Dyo-SkcaK9XmOj7hicy5cHQWafPnuurILjQdII2X4nc6SI.sNl-gi-4MW2kYSqCLB2lpI5dBWm0DXmTu4ri3k6mfxY&dib_tag=se&keywords=lego+harry+potter&qid=1758913812&sr=8-62&xpid=qDwjXBrSoP9zE
Harry Potter,76412,B0BBS1KLC6,"LEGO 76412 Harry Potter Le Blason de la Maison Poufsouffle: Jouet avec 3 Minifigurines et Mandragore, Décoration Murale à Collectionner, Château de Poudlard, Honorez Votre Maison à Poudlard",48.08,Stock faible (9),https://www.amazon.fr/LEGO-76412-Poufsouffle-Minifigurines-Collectionner/dp/B0BBS1KLC6/ref=sr_1_66?dib=eyJ2IjoiMSJ9._gAkcXCrHTFX4iDz_rvjF8VQofqsyZZCBPMVkNE_jzL1FbqRbqjzXegybvJWUFKkfV-1reEeGz2SQ0mqVSuVlIZdpDcK-OCYd2phZKetKykul2MVoY0jcJ0SiYaKrbmaY7eA0gNQlWvusLkLMGW7JBJmVexWWlHGMpDDMX9egIjHQc2FWh79ugNB2dQOWObE3X67U6_9RZFCQcsVex5buWM5CL3msjfzIu9_p7fkPgewMZjGPqVww-wO1pPh_Dyo-SkcaK9XmOj7hicy5cHQWafPnuurILjQdII2X4nc6SI.sNl-gi-4MW2kYSqCLB2lpI5dBWm0DXmTu4ri3k6mfxY&dib_tag=se&keywords=lego+harry+potter&qid=1758913812&sr=8-66&xpid=qDwjXBrSoP9zE
Harry Potter,41808,B0BBRZNFNJ,"LEGO 41808 Dots Ensemble d’Accessoires Poudlard, Jouet Création de Bijoux sur Harry Potter avec Bracelet, 2 Étiquettes et Plaque, Loisirs Créatifs Enfants",15.79,Stock faible (2),https://www.amazon.fr/LEGO-41808-Ensemble-dAccessoires-%C3%89tiquettes/dp/B0BBRZNFNJ/ref=sr_1_67_mod_primary_new?dib=eyJ2IjoiMSJ9._gAkcXCrHTFX4iDz_rvjF8VQofqsyZZCBPMVkNE_jzL1FbqRbqjzXegybvJWUFKkfV-1reEeGz2SQ0mqVSuVlIZdpDcK-OCYd2phZKetKykul2MVoY0jcJ0SiYaKrbmaY7eA0gNQlWvusLkLMGW7JBJmVexWWlHGMpDDMX9egIjHQc2FWh79ugNB2dQOWObE3X67U6_9RZFCQcsVex5buWM5CL3msjfzIu9_p7fkPgewMZjGPqVww-wO1pPh_Dyo-SkcaK9XmOj7hicy5cHQWafPnuurILjQdII2X4nc6SI.sNl-gi-4MW2kYSqCLB2lpI5dBWm0DXmTu4ri3k6mfxY&dib_tag=se&keywords=lego+harry+potter&qid=1758913812&sbo=RZvfv%2F%2FHxDF%2BO5021pAnSA%3D%3D&sr=8-67&xpid=qDwjXBrSoP9zE
Harry Potter,75955,B07BLG43H2,LEGO 75955 Harry Potter TM Le Poudlard Express,142.99,Stock faible (1),https://www.amazon.fr/LEGO-Harry-Potter-Poudlard-construction/dp/B07BLG43H2/ref=sr_1_68_mod_primary_new?dib=eyJ2IjoiMSJ9._gAkcXCrHTFX4iDz_rvjF8VQofqsyZZCBPMVkNE_jzL1FbqRbqjzXegybvJWUFKkfV-1reEeGz2SQ0mqVSuVlIZdpDcK-OCYd2phZKetKykul2MVoY0jcJ0SiYaKrbmaY7eA0gNQlWvusLkLMGW7JBJmVexWWlHGMpDDMX9egIjHQc2FWh79ugNB2dQOWObE3X67U6_9RZFCQcsVex5buWM5CL3msjfzIu9_p7fkPgewMZjGPqVww-wO1pPh_Dyo-SkcaK9XmOj7hicy5cHQWafPnuurILjQdII2X4nc6SI.sNl-gi-4MW2kYSqCLB2lpI5dBWm0DXmTu4ri3k6mfxY&dib_tag=se&keywords=lego+harry+potter&qid=1758913812&sbo=RZvfv%2F%2FHxDF%2BO5021pAnSA%3D%3D&sr=8-68&xpid=qDwjXBrSoP9zE
Harry Potter,76413,B0BBRZFMR5,LEGO Harry Potter Poudlard : la Salle sur Demande - Jouet Château Fort avec Figurine Serpent de Feu Modulable - Jeu Construction Les Reliques de la Mort pour Enfants et 76413,72.86,Stock faible (11),https://www.amazon.fr/LEGO-76413-Harry-Potter-Poudlard/dp/B0BBRZFMR5/ref=sr_1_73_mod_primary_new?dib=eyJ2IjoiMSJ9._gAkcXCrHTFX4iDz_rvjF8VQofqsyZZCBPMVkNE_jzL1FbqRbqjzXegybvJWUFKkfV-1reEeGz2SQ0mqVSuVlIZdpDcK-OCYd2phZKetKykul2MVoY0jcJ0SiYaKrbmaY7eA0gNQlWvusLkLMGW7JBJmVexWWlHGMpDDMX9egIjHQc2FWh79ugNB2dQOWObE3X67U6_9RZFCQcsVex5buWM5CL3msjfzIu9_p7fkPgewMZjGPqVww-wO1pPh_Dyo-SkcaK9XmOj7hicy5cHQWafPnuurILjQdII2X4nc6SI.sNl-gi-4MW2kYSqCLB2lpI5dBWm0DXmTu4ri3k6mfxY&dib_tag=se&keywords=lego+harry+potter&qid=1758913812&sbo=RZvfv%2F%2FHxDF%2BO5021pAnSA%3D%3D&sr=8-73&xpid=qDwjXBrSoP9zE
Harry Potter,76411,B0BBRZG27L,"LEGO 76411 Harry Potter Le Blason de la Maison Serdaigle, Jouet avec 3 Minifigurines et Diadème, Décoration Murale Salle Commune Château de Poudlard, Collection",51.46,Stock faible (9),https://www.amazon.fr/LEGO-76411-Minifigurines-D%C3%A9coration-Collection/dp/B0BBRZG27L/ref=sr_1_75_mod_primary_new?dib=eyJ2IjoiMSJ9._gAkcXCrHTFX4iDz_rvjF8VQofqsyZZCBPMVkNE_jzL1FbqRbqjzXegybvJWUFKkfV-1reEeGz2SQ0mqVSuVlIZdpDcK-OCYd2phZKetKykul2MVoY0jcJ0SiYaKrbmaY7eA0gNQlWvusLkLMGW7JBJmVexWWlHGMpDDMX9egIjHQc2FWh79ugNB2dQOWObE3X67U6_9RZFCQcsVex5buWM5CL3msjfzIu9_p7fkPgewMZjGPqVww-wO1pPh_Dyo-SkcaK9XmOj7hicy5cHQWafPnuurILjQdII2X4nc6SI.sNl-gi-4MW2kYSqCLB2lpI5dBWm0DXmTu4ri3k6mfxY&dib_tag=se&keywords=lego+harry+potter&qid=1758913812&sbo=RZvfv%2F%2FHxDF%2BO5021pAnSA%3D%3D&sr=8-75&xpid=qDwjXBrSoP9zE
Harry Potter,40617,B0C7HHQ7LF,LEGO Harry Potter Draco Malfoy i Cedric Diggory (40617) [KLOCKI],28.10,Stock faible (7),https://www.amazon.fr/LEGO-40617-Malfoy-Cedric-Diggory/dp/B0C7HHQ7LF/ref=sr_1_77_mod_primary_new?dib=eyJ2IjoiMSJ9._gAkcXCrHTFX4iDz_rvjF8VQofqsyZZCBPMVkNE_jzL1FbqRbqjzXegybvJWUFKkfV-1reEeGz2SQ0mqVSuVlIZdpDcK-OCYd2phZKetKykul2MVoY0jcJ0SiYaKrbmaY7eA0gNQlWvusLkLMGW7JBJmVexWWlHGMpDDMX9egIjHQc2FWh79ugNB2dQOWObE3X67U6_9RZFCQcsVex5buWM5CL3msjfzIu9_p7fkPgewMZjGPqVww-wO1pPh_Dyo-SkcaK9XmOj7hicy5cHQWafPnuurILjQdII2X4nc6SI.sNl-gi-4MW2kYSqCLB2lpI5dBWm0DXmTu4ri3k6mfxY&dib_tag=se&keywords=lego+harry+potter&qid=1758913812&sbo=RZvfv%2F%2FHxDF%2BO5021pAnSA%3D%3D&sr=8-77&xpid=qDwjXBrSoP9zE
Harry Potter,76389,B08WWRJ2QJ,LEGO Harry Potter La Chambre des Secrets de Poudlard - Jeu de Construction 76389,180.00,Stock faible (5),https://www.amazon.fr/LEGO-76389-Poudlard-Figurine-Anniversaire/dp/B08WWRJ2QJ/ref=sr_1_79?dib=eyJ2IjoiMSJ9._gAkcXCrHTFX4iDz_rvjF8VQofqsyZZCBPMVkNE_jzL1FbqRbqjzXegybvJWUFKkfV-1reEeGz2SQ0mqVSuVlIZdpDcK-OCYd2phZKetKykul2MVoY0jcJ0SiYaKrbmaY7eA0gNQlWvusLkLMGW7JBJmVexWWlHGMpDDMX9egIjHQc2FWh79ugNB2dQOWObE3X67U6_9RZFCQcsVex5buWM5CL3msjfzIu9_p7fkPgewMZjGPqVww-wO1pPh_Dyo-SkcaK9XmOj7hicy5cHQWafPnuurILjQdII2X4nc6SI.sNl-gi-4MW2kYSqCLB2lpI5dBWm0DXmTu4ri3k6mfxY&dib_tag=se&keywords=lego+harry+potter&qid=1758913812&sr=8-79&xpid=qDwjXBrSoP9zE
Harry Potter,76396,B09JKTG8HR,LEGO Harry Potter Hogwarts Moment: Divination Class 76396 Building Kit; Collectible Classroom Playset for Ages 8+ (297 Pieces),54.52,Stock faible (5),https://www.amazon.fr/LEGO-Harry-Potter-Hogwarts-Moment/dp/B09JKTG8HR/ref=sr_1_87_mod_primary_new?dib=eyJ2IjoiMSJ9._gAkcXCrHTFX4iDz_rvjF8VQofqsyZZCBPMVkNE_jzL1FbqRbqjzXegybvJWUFKkfV-1reEeGz2SQ0mqVSuVlIZdpDcK-OCYd2phZKetKykul2MVoY0jcJ0SiYaKrbmaY7eA0gNQlWvusLkLMGW7JBJmVexWWlHGMpDDMX9egIjHQc2FWh79ugNB2dQOWObE3X67U6_9RZFCQcsVex5buWM5CL3msjfzIu9_p7fkPgewMZjGPqVww-wO1pPh_Dyo-SkcaK9XmOj7hicy5cHQWafPnuurILjQdII2X4nc6SI.sNl-gi-4MW2kYSqCLB2lpI5dBWm0DXmTu4ri3k6mfxY&dib_tag=se&keywords=lego+harry+potter&qid=1758913812&sbo=RZvfv%2F%2FHxDF%2BO5021pAnSA%3D%3D&sr=8-87&xpid=qDwjXBrSoP9zE
Harry Potter,76422,B0BPC8Z5PN,"LEGO Harry Potter 76422 Le Chemin de Traverse : Weasley, Farces pour Sorciers Facétieux, Jouet",214.99,Stock faible (1),https://www.amazon.fr/LEGO-Potter-76422-Chemin-Traverse/dp/B0BPC8Z5PN/ref=sr_1_88_mod_primary_new?dib=eyJ2IjoiMSJ9._gAkcXCrHTFX4iDz_rvjF8VQofqsyZZCBPMVkNE_jzL1FbqRbqjzXegybvJWUFKkfV-1reEeGz2SQ0mqVSuVlIZdpDcK-OCYd2phZKetKykul2MVoY0jcJ0SiYaKrbmaY7eA0gNQlWvusLkLMGW7JBJmVexWWlHGMpDDMX9egIjHQc2FWh79ugNB2dQOWObE3X67U6_9RZFCQcsVex5buWM5CL3msjfzIu9_p7fkPgewMZjGPqVww-wO1pPh_Dyo-SkcaK9XmOj7hicy5cHQWafPnuurILjQdII2X4nc6SI.sNl-gi-4MW2kYSqCLB2lpI5dBWm0DXmTu4ri3k6mfxY&dib_tag=se&keywords=lego+harry+potter&qid=1758913812&sbo=RZvfv%2F%2FHxDF%2BO5021pAnSA%3D%3D&sr=8-88&xpid=qDwjXBrSoP9zE
Harry Potter,76395,B091P2HPBQ,LEGO Harry Potter Poudlard Première Heure de vol (76395),49.04,Stock faible (1),https://www.amazon.fr/LEGO-lgo-confi-kit-Rare/dp/B091P2HPBQ/ref=sr_1_90_mod_primary_new?dib=eyJ2IjoiMSJ9._gAkcXCrHTFX4iDz_rvjF8VQofqsyZZCBPMVkNE_jzL1FbqRbqjzXegybvJWUFKkfV-1reEeGz2SQ0mqVSuVlIZdpDcK-OCYd2phZKetKykul2MVoY0jcJ0SiYaKrbmaY7eA0gNQlWvusLkLMGW7JBJmVexWWlHGMpDDMX9egIjHQc2FWh79ugNB2dQOWObE3X67U6_9RZFCQcsVex5buWM5CL3msjfzIu9_p7fkPgewMZjGPqVww-wO1pPh_Dyo-SkcaK9XmOj7hicy5cHQWafPnuurILjQdII2X4nc6SI.sNl-gi-4MW2kYSqCLB2lpI5dBWm0DXmTu4ri3k6mfxY&dib_tag=se&keywords=lego+harry+potter&qid=1758913812&sbo=RZvfv%2F%2FHxDF%2BO5021pAnSA%3D%3D&sr=8-90&xpid=qDwjXBrSoP9zE
Harry Potter,76415,B0BPC51CJN,"LEGO Harry Potter La Bataille de Poudlard, Jouet Château avec Minifigurines de Voldemort, Molly Weasley, Bellatrix Lestrange et l'Épée de Gryffondor - Set Les Reliques de la Mort Partie 2 76415",128.81,Stock faible (6),https://www.amazon.fr/LEGO-76415-Minifigurines-Voldemort-Gryffondor/dp/B0BPC51CJN/ref=sr_1_92?dib=eyJ2IjoiMSJ9._gAkcXCrHTFX4iDz_rvjF8VQofqsyZZCBPMVkNE_jzL1FbqRbqjzXegybvJWUFKkfV-1reEeGz2SQ0mqVSuVlIZdpDcK-OCYd2phZKetKykul2MVoY0jcJ0SiYaKrbmaY7eA0gNQlWvusLkLMGW7JBJmVexWWlHGMpDDMX9egIjHQc2FWh79ugNB2dQOWObE3X67U6_9RZFCQcsVex5buWM5CL3msjfzIu9_p7fkPgewMZjGPqVww-wO1pPh_Dyo-SkcaK9XmOj7hicy5cHQWafPnuurILjQdII2X4nc6SI.sNl-gi-4MW2kYSqCLB2lpI5dBWm0DXmTu4ri3k6mfxY&dib_tag=se&keywords=lego+harry+potter&qid=1758913812&sr=8-92&xpid=qDwjXBrSoP9zE
Harry Potter,30407,B07GBGMBDW,LEGO 30407 - Le Voyage de Harry Potter à Poudlard,28.24,Stock faible (15),https://www.amazon.fr/Lego-30407-Voyage-Potter-Poudlard/dp/B07GBGMBDW/ref=sr_1_94_mod_primary_new?dib=eyJ2IjoiMSJ9._gAkcXCrHTFX4iDz_rvjF8VQofqsyZZCBPMVkNE_jzL1FbqRbqjzXegybvJWUFKkfV-1reEeGz2SQ0mqVSuVlIZdpDcK-OCYd2phZKetKykul2MVoY0jcJ0SiYaKrbmaY7eA0gNQlWvusLkLMGW7JBJmVexWWlHGMpDDMX9egIjHQc2FWh79ugNB2dQOWObE3X67U6_9RZFCQcsVex5buWM5CL3msjfzIu9_p7fkPgewMZjGPqVww-wO1pPh_Dyo-SkcaK9XmOj7hicy5cHQWafPnuurILjQdII2X4nc6SI.sNl-gi-4MW2kYSqCLB2lpI5dBWm0DXmTu4ri3k6mfxY&dib_tag=se&keywords=lego+harry+potter&qid=1758913812&sbo=RZvfv%2F%2FHxDF%2BO5021pAnSA%3D%3D&sr=8-94&xpid=qDwjXBrSoP9zE
Harry Potter,75957,B07KX54VHF,"LEGO 75957 Harry Potter Le Magicobus, Ensemble de Collection à Trois étages avec Figurines",77.35,Stock faible (5),https://www.amazon.fr/LEGO-75957-dautobus-Potter-Ensemble/dp/B07KX54VHF/ref=sr_1_95_mod_primary_new?dib=eyJ2IjoiMSJ9._gAkcXCrHTFX4iDz_rvjF8VQofqsyZZCBPMVkNE_jzL1FbqRbqjzXegybvJWUFKkfV-1reEeGz2SQ0mqVSuVlIZdpDcK-OCYd2phZKetKykul2MVoY0jcJ0SiYaKrbmaY7eA0gNQlWvusLkLMGW7JBJmVexWWlHGMpDDMX9egIjHQc2FWh79ugNB2dQOWObE3X67U6_9RZFCQcsVex5buWM5CL3msjfzIu9_p7fkPgewMZjGPqVww-wO1pPh_Dyo-SkcaK9XmOj7hicy5cHQWafPnuurILjQdII2X4nc6SI.sNl-gi-4MW2kYSqCLB2lpI5dBWm0DXmTu4ri3k6mfxY&dib_tag=se&keywords=lego+harry+potter&qid=1758913812&sbo=RZvfv%2F%2FHxDF%2BO5021pAnSA%3D%3D&sr=8-95&xpid=qDwjXBrSoP9zE
Technic,42147,B0BBRWWPXB,"LEGO 42147 Technic Le Camion à Benne Basculante, 2-en-1, Maquette Engin de Chantier à Jouet de Pelleteuse, Ingénierie pour Enfants 7 Ans, Idée Cadeau",19.62,Stock faible (1),https://www.amazon.fr/LEGO-42147-Basculante-Pelleteuse-Ing%C3%A9nierie/dp/B0BBRWWPXB/ref=sr_1_64_mod_primary_new?dib=eyJ2IjoiMSJ9.aQO8nm_DSPE_e1cKfQii77LX4Frb_EUURFz9KhXcDlZnK2XQqfmoNDQO5mWpMv9VEycfBps-HajgpP8Gp1ejf6Nsq4oYBaOSlMtk9zeynPXtnYC_sA7i_TFTyUI2ws3O0_rTI2wvqSYCYr5ub_Zw7Hkf0hH6kgb8FzHhVxjTKEL5vS0yQqFQAZwBKNyMvTews3Dt8CxzNs881mEWdBv209puaz1wxEh7a4AwMp05jjoYZuqchXdbRcFv867vgt_dNDh-QIaU6bwPS8bn9FvBhNfFPJNeb_alswQ28a6b2IU.0iVSv0nV57VbTox-LGssOAL8gFqxfi1yKfceEx3QGHs&dib_tag=se&keywords=lego+technic&qid=1758913858&sbo=RZvfv%2F%2FHxDF%2BO5021pAnSA%3D%3D&sr=8-64&xpid=q9pSOIWxaFHoe
Technic,42148,B0BBRZCXCH,"LEGO 42148 Technic La Dameuse, 2-en-1, Jouet de Maquette Véhicule, avec Motoneige Hiver, Jouet Éducatif, Garçons et Filles dès 7 Ans, Idée de Cadeau",17.84,Stock faible (1),https://www.amazon.fr/LEGO-42148-Maquette-V%C3%A9hicule-Motoneige/dp/B0BBRZCXCH/ref=sr_1_87?dib=eyJ2IjoiMSJ9.aQO8nm_DSPE_e1cKfQii77LX4Frb_EUURFz9KhXcDlZnK2XQqfmoNDQO5mWpMv9VEycfBps-HajgpP8Gp1ejf6Nsq4oYBaOSlMtk9zeynPXtnYC_sA7i_TFTyUI2ws3O0_rTI2wvqSYCYr5ub_Zw7Hkf0hH6kgb8FzHhVxjTKEL5vS0yQqFQAZwBKNyMvTews3Dt8CxzNs881mEWdBv209puaz1wxEh7a4AwMp05jjoYZuqchXdbRcFv867vgt_dNDh-QIaU6bwPS8bn9FvBhNfFPJNeb_alswQ28a6b2IU.0iVSv0nV57VbTox-LGssOAL8gFqxfi1yKfceEx3QGHs&dib_tag=se&keywords=lego+technic&qid=1758913858&sr=8-87&xpid=q9pSOIWxaFHoe
Technic,42145,B09QG2V2XZ,"LEGO Technic L’Hélicoptère de Secours Airbus H175, Véhicule Jouet Éducatif pour Enfants, Rotor Tournant et Fonctions Motorisées, Modélisme - Idée Cadeau pour Garçons et Filles de 11 Ans et Plus 42145",247.08,Stock faible (1),https://www.amazon.fr/LEGO-42145-Jouet-de-Construction/dp/B09QG2V2XZ/ref=sr_1_91?dib=eyJ2IjoiMSJ9.aQO8nm_DSPE_e1cKfQii77LX4Frb_EUURFz9KhXcDlZnK2XQqfmoNDQO5mWpMv9VEycfBps-HajgpP8Gp1ejf6Nsq4oYBaOSlMtk9zeynPXtnYC_sA7i_TFTyUI2ws3O0_rTI2wvqSYCYr5ub_Zw7Hkf0hH6kgb8FzHhVxjTKEL5vS0yQqFQAZwBKNyMvTews3Dt8CxzNs881mEWdBv209puaz1wxEh7a4AwMp05jjoYZuqchXdbRcFv867vgt_dNDh-QIaU6bwPS8bn9FvBhNfFPJNeb_alswQ28a6b2IU.0iVSv0nV57VbTox-LGssOAL8gFqxfi1yKfceEx3QGHs&dib_tag=se&keywords=lego+technic&qid=1758913858&sr=8-91&xpid=q9pSOIWxaFHoe
Technic,42025,B00F3B48YA,Lego Technic - 42025 - Jeu De Construction - L'avion Cargo,338.94,Stock faible (1),https://www.amazon.fr/Lego-Technic-42025-Construction-Lavion/dp/B00F3B48YA/ref=sr_1_92?dib=eyJ2IjoiMSJ9.aQO8nm_DSPE_e1cKfQii77LX4Frb_EUURFz9KhXcDlZnK2XQqfmoNDQO5mWpMv9VEycfBps-HajgpP8Gp1ejf6Nsq4oYBaOSlMtk9zeynPXtnYC_sA7i_TFTyUI2ws3O0_rTI2wvqSYCYr5ub_Zw7Hkf0hH6kgb8FzHhVxjTKEL5vS0yQqFQAZwBKNyMvTews3Dt8CxzNs881mEWdBv209puaz1wxEh7a4AwMp05jjoYZuqchXdbRcFv867vgt_dNDh-QIaU6bwPS8bn9FvBhNfFPJNeb_alswQ28a6b2IU.0iVSv0nV57VbTox-LGssOAL8gFqxfi1yKfceEx3QGHs&dib_tag=se&keywords=lego+technic&qid=1758913858&sr=8-92&xpid=q9pSOIWxaFHoe
Technic,42144,B09QFK4CHT,"LEGO 42144 Technic La Grue de Manutention: Jeu de Construction Éducatif, Engin de Chantier, Maquette Pneumatique, Stimule l'Imagination, pour Enfants Dès 10 Ans, Idée Cadeau pour Petits Ingénieurs",170.00,Stock faible (1),https://www.amazon.fr/LEGO-42144-Jouet-de-Construction/dp/B09QFK4CHT/ref=sr_1_97?dib=eyJ2IjoiMSJ9.aQO8nm_DSPE_e1cKfQii77LX4Frb_EUURFz9KhXcDlZnK2XQqfmoNDQO5mWpMv9VEycfBps-HajgpP8Gp1ejf6Nsq4oYBaOSlMtk9zeynPXtnYC_sA7i_TFTyUI2ws3O0_rTI2wvqSYCYr5ub_Zw7Hkf0hH6kgb8FzHhVxjTKEL5vS0yQqFQAZwBKNyMvTews3Dt8CxzNs881mEWdBv209puaz1wxEh7a4AwMp05jjoYZuqchXdbRcFv867vgt_dNDh-QIaU6bwPS8bn9FvBhNfFPJNeb_alswQ28a6b2IU.0iVSv0nV57VbTox-LGssOAL8gFqxfi1yKfceEx3QGHs&dib_tag=se&keywords=lego+technic&qid=1758913858&sr=8-97&xpid=q9pSOIWxaFHoe
Technic,42150,B0BBWGD8M4,"LEGO Technic Monster Jam Monster Mutt Dalmatien 42150, Jouet de Camion pour Enfants, garçons et Filles à partir de 7 Ans, Jouets de Course 2 en 1, idée Cadeau d'anniversaire, Multicolore",39.99,Stock faible (5),https://www.amazon.fr/LEGO-Technic-Monster-Dalmatien-danniversaire/dp/B0BBWGD8M4/ref=sr_1_106?dib=eyJ2IjoiMSJ9.aQO8nm_DSPE_e1cKfQii77LX4Frb_EUURFz9KhXcDlZnK2XQqfmoNDQO5mWpMv9VEycfBps-HajgpP8Gp1ejf6Nsq4oYBaOSlMtk9zeynPXtnYC_sA7i_TFTyUI2ws3O0_rTI2wvqSYCYr5ub_Zw7Hkf0hH6kgb8FzHhVxjTKEL5vS0yQqFQAZwBKNyMvTews3Dt8CxzNs881mEWdBv209puaz1wxEh7a4AwMp05jjoYZuqchXdbRcFv867vgt_dNDh-QIaU6bwPS8bn9FvBhNfFPJNeb_alswQ28a6b2IU.0iVSv0nV57VbTox-LGssOAL8gFqxfi1yKfceEx3QGHs&dib_tag=se&keywords=lego+technic&qid=1758913858&sr=8-106&xpid=q9pSOIWxaFHoe
Technic,42151,B0BWFNZ7VK,"Lego Technic 42151 Bugatti Bolide, 42123 McLaren Senna GTR & 30710",106.05,Stock faible (4),https://www.amazon.fr/Technic-chariots-%C3%A9l%C3%A9vateurs-palette-Bugatti/dp/B0BWFNZ7VK/ref=sr_1_107?dib=eyJ2IjoiMSJ9.aQO8nm_DSPE_e1cKfQii77LX4Frb_EUURFz9KhXcDlZnK2XQqfmoNDQO5mWpMv9VEycfBps-HajgpP8Gp1ejf6Nsq4oYBaOSlMtk9zeynPXtnYC_sA7i_TFTyUI2ws3O0_rTI2wvqSYCYr5ub_Zw7Hkf0hH6kgb8FzHhVxjTKEL5vS0yQqFQAZwBKNyMvTews3Dt8CxzNs881mEWdBv209puaz1wxEh7a4AwMp05jjoYZuqchXdbRcFv867vgt_dNDh-QIaU6bwPS8bn9FvBhNfFPJNeb_alswQ28a6b2IU.0iVSv0nV57VbTox-LGssOAL8gFqxfi1yKfceEx3QGHs&dib_tag=se&keywords=lego+technic&qid=1758913858&sr=8-107&xpid=q9pSOIWxaFHoe
Creator,43243,B0CWGZWDY9,"LEGO Disney Simba, Le Bébé du Roi Lion, Jouet de Construction pour Enfants, Figurine à Construire, Jouet d'Activité et de Développement pour Les Garçons et Les Filles dès 6 Ans 43243",15.99,Stock faible (13),https://www.amazon.fr/LEGO-Construction-Construire-D%C3%A9veloppement-43243/dp/B0CWGZWDY9/ref=sr_1_40?dib=eyJ2IjoiMSJ9.oEBehmGAQ61jORyG2y-ccLWRfjFhYI0VHCwCHPwlgmVfuX6fA5w6qkviEcA6giH9lrap2XF-bqINrbpmAOBOprwUkYWBNocaKqb4xSm1E5vRGkg3QHwjPXGLC5zJ-El8QU0bOS_FWXLmHYIRZTVLgUNY4uXg1B0p648uR_qyhbjZlPxoBDvHsYq-R6qOx05fohwOM5mVpjessSJcugetHLK5VMTTFBKpvbRoLTBc1PHGtZHMYxRrpemDxFHHSzWIY4mEM0jvZFkvDme_9RnWEY6Er5Y5TSnUcFGM-ufh6GI.PErt0QRmH0WJufDu1SiHNwxIgzQoCVT4XNKHhm0xjJY&dib_tag=se&keywords=lego+creator&qid=1758913884&sr=8-40
Creator,30669,B0CS2DWFHX,Lego Creator 30669 Sac en Plastique Motif Avion Rouge légendaire,9.00,Stock faible (14),https://www.amazon.fr/LEGO-Creator-30669-plastique-l%C3%A9gendaire/dp/B0CS2DWFHX/ref=sr_1_55?dib=eyJ2IjoiMSJ9.6QfZokoqBNoTVJl-6gECUJ_zlrL-soHHNqZTr1lG6LNnK2XQqfmoNDQO5mWpMv9VYfkMyn0bsKfSsQHmpm__2YQMzn9QyplzMtqodotUw39plK6hKFc2KNu7vxh22grMvBU2pGf0IwiFTo9_J4pceFyyGLvjZBuW_d7c_XRL7UEIixElxo5G4lJ0XzAbDmJ0NopNP_dv81phyFinlqesnbNJZFKNaJpVLlpqjG3Kdpys82xexZ5VO7RgPyYVRfKGDpRbl3Ybf9Hk2j2eU-mwSeFa1bo4HtALJ2q1CL3GwH0.NXFpjm5-wxICHSER0pe2wSwNc5pQH_y3bzYL4SHw_4k&dib_tag=se&keywords=lego+creator&qid=1758913909&sr=8-55&xpid=TAzG-cp2Lm-Z8
Creator,42658,B0DWF4JFMF,"LEGO Friends Fête dans la Piscine avec les Bouées Licorne et Flamant Rose - Jouet - Animaux Flottants, 2 Mini-Poupées, Churro le Chat & Accessoires dont Cabine DJ & Transats - Cadeau Fille 5 ans 42658",9.99,Stock faible (4),https://www.amazon.fr/LEGO-Friends-Piscine-Licorne-Flamant/dp/B0DWF4JFMF/ref=sr_1_85?dib=eyJ2IjoiMSJ9.6QfZokoqBNoTVJl-6gECUJ_zlrL-soHHNqZTr1lG6LNnK2XQqfmoNDQO5mWpMv9VYfkMyn0bsKfSsQHmpm__2YQMzn9QyplzMtqodotUw39plK6hKFc2KNu7vxh22grMvBU2pGf0IwiFTo9_J4pceFyyGLvjZBuW_d7c_XRL7UEIixElxo5G4lJ0XzAbDmJ0NopNP_dv81phyFinlqesnbNJZFKNaJpVLlpqjG3Kdpys82xexZ5VO7RgPyYVRfKGDpRbl3Ybf9Hk2j2eU-mwSeFa1bo4HtALJ2q1CL3GwH0.NXFpjm5-wxICHSER0pe2wSwNc5pQH_y3bzYL4SHw_4k&dib_tag=se&keywords=lego+creator&qid=1758913909&sr=8-85&xpid=TAzG-cp2Lm-Z8
Creator,40639,B0BTPZRJDG,"LEGO Creator 40639 Le Nid d’Oiseau Jouet de Construction Éducatif, Surprise de Pâques pour Filles et Garçons de 9 Ans et Plus",17.60,Stock faible (14),https://www.amazon.fr/LEGO-40639-Nid-doiseau/dp/B0BTPZRJDG/ref=sr_1_86?dib=eyJ2IjoiMSJ9.6QfZokoqBNoTVJl-6gECUJ_zlrL-soHHNqZTr1lG6LNnK2XQqfmoNDQO5mWpMv9VYfkMyn0bsKfSsQHmpm__2YQMzn9QyplzMtqodotUw39plK6hKFc2KNu7vxh22grMvBU2pGf0IwiFTo9_J4pceFyyGLvjZBuW_d7c_XRL7UEIixElxo5G4lJ0XzAbDmJ0NopNP_dv81phyFinlqesnbNJZFKNaJpVLlpqjG3Kdpys82xexZ5VO7RgPyYVRfKGDpRbl3Ybf9Hk2j2eU-mwSeFa1bo4HtALJ2q1CL3GwH0.NXFpjm5-wxICHSER0pe2wSwNc5pQH_y3bzYL4SHw_4k&dib_tag=se&keywords=lego+creator&qid=1758913909&sr=8-86&xpid=TAzG-cp2Lm-Z8
Creator,30641,B0BPMJ72M1,LEGO Creator 30641 Panda,9.21,Stock faible (15),https://www.amazon.fr/LEGO-30641-Creator-Pandab%C3%A4r/dp/B0BPMJ72M1/ref=sr_1_93_mod_primary_new?dib=eyJ2IjoiMSJ9.6QfZokoqBNoTVJl-6gECUJ_zlrL-soHHNqZTr1lG6LNnK2XQqfmoNDQO5mWpMv9VYfkMyn0bsKfSsQHmpm__2YQMzn9QyplzMtqodotUw39plK6hKFc2KNu7vxh22grMvBU2pGf0IwiFTo9_J4pceFyyGLvjZBuW_d7c_XRL7UEIixElxo5G4lJ0XzAbDmJ0NopNP_dv81phyFinlqesnbNJZFKNaJpVLlpqjG3Kdpys82xexZ5VO7RgPyYVRfKGDpRbl3Ybf9Hk2j2eU-mwSeFa1bo4HtALJ2q1CL3GwH0.NXFpjm5-wxICHSER0pe2wSwNc5pQH_y3bzYL4SHw_4k&dib_tag=se&keywords=lego+creator&qid=1758913909&sbo=RZvfv%2F%2FHxDF%2BO5021pAnSA%3D%3D&sr=8-93&xpid=TAzG-cp2Lm-Z8
Creator,31144,B0C5XXPT46,"LEGO Creator - Exotic Pink Parrot (31144), Noir",40.90,Stock faible (6),https://www.amazon.fr/LEGO-Creator-Exotic-Parrot-31144/dp/B0C5XXPT46/ref=sr_1_94?dib=eyJ2IjoiMSJ9.6QfZokoqBNoTVJl-6gECUJ_zlrL-soHHNqZTr1lG6LNnK2XQqfmoNDQO5mWpMv9VYfkMyn0bsKfSsQHmpm__2YQMzn9QyplzMtqodotUw39plK6hKFc2KNu7vxh22grMvBU2pGf0IwiFTo9_J4pceFyyGLvjZBuW_d7c_XRL7UEIixElxo5G4lJ0XzAbDmJ0NopNP_dv81phyFinlqesnbNJZFKNaJpVLlpqjG3Kdpys82xexZ5VO7RgPyYVRfKGDpRbl3Ybf9Hk2j2eU-mwSeFa1bo4HtALJ2q1CL3GwH0.NXFpjm5-wxICHSER0pe2wSwNc5pQH_y3bzYL4SHw_4k&dib_tag=se&keywords=lego+creator&qid=1758913909&sr=8-94&xpid=TAzG-cp2Lm-Z8
Expert,31141,B0BV7C7X37,"LEGO Creator La Grand-Rue, Jouet de Construction avec Gratte-Ciel et Rue de Marché, Set avec Maquette d'Hôtel, de Café, d'Appartements et de Magasins, Idée Cadeau 31141",120.20,Stock faible (1),https://www.amazon.fr/LEGO-31141-Construction-Gratte-Ciel-dAppartements/dp/B0BV7C7X37/ref=sr_1_1?dib=eyJ2IjoiMSJ9.XBuUW1sg4AuoqQG8CpcZd_I858eDM2eZ495UWsZvbBV4bwmk7h04hDR8IzuYCClb7Ox8xrK2eMwxSuIscHLRTxXfTtHHKvUHazEp0Tbj6MsulYM7V9gCwnHK_u3vruAk6KOa-gihjVrElzrOE7FYyhZvg2mdHwy_25dsWA8xud-dvJVA0e2cOrBnJXsKEOr8fVI-zDXNuvVoIxqXUa7KXir_ldWAqCWG-usVAPyoD5SYIJ214fUXqy3GCvH-2gLdijngAW2CWlsTkAYpnMU_CGA1xhmepUoX2-kYh-0pV5I.1Mltj6FKa5Q9asc_AS4dGIyrC6DXiZBH-ryM8y4aMvY&dib_tag=se&keywords=lego+expert&qid=1758913931&sr=8-1
Expert,43263,B0F5M4LB1B,"ICUANUTY Lego Creator Expert 43263 Vitrine en acrylique pour vitrine Lego, 40 x 25 x 60 cm (boîtier d'affichage uniquement)",129.99,Stock faible (4),https://www.amazon.fr/sspa/click?ie=UTF8&spc=MTo0MDQ3MTI5OTYwNTk4OTI0OjE3NTg5MTM5MzE6c3BfYXRmOjMwMDY2MDk0NTc3OTgzMjo6MDo6&url=%2FICUANUTY-Creator-acrylique-daffichage-uniquement%2Fdp%2FB0F5M4LB1B%2Fref%3Dsr_1_4_sspa%3Fdib%3DeyJ2IjoiMSJ9.XBuUW1sg4AuoqQG8CpcZd_I858eDM2eZ495UWsZvbBV4bwmk7h04hDR8IzuYCClb7Ox8xrK2eMwxSuIscHLRTxXfTtHHKvUHazEp0Tbj6MsulYM7V9gCwnHK_u3vruAk6KOa-gihjVrElzrOE7FYyhZvg2mdHwy_25dsWA8xud-dvJVA0e2cOrBnJXsKEOr8fVI-zDXNuvVoIxqXUa7KXir_ldWAqCWG-usVAPyoD5SYIJ214fUXqy3GCvH-2gLdijngAW2CWlsTkAYpnMU_CGA1xhmepUoX2-kYh-0pV5I.1Mltj6FKa5Q9asc_AS4dGIyrC6DXiZBH-ryM8y4aMvY%26dib_tag%3Dse%26keywords%3Dlego%2Bexpert%26qid%3D1758913931%26sr%3D8-4-spons%26sp_csd%3Dd2lkZ2V0TmFtZT1zcF9hdGY%26psc%3D1&aref=bW2Z1rcWeA&sp_cr=ZAZ
Expert,10270,B082WGXL9R,LEGO Creator Expert Buchhandlung (10270) 16 ans et plus,244.52,Stock faible (4),https://www.amazon.fr/LEGO-Creator-Bookshop-Modular-Building/dp/B082WGXL9R/ref=sr_1_7?dib=eyJ2IjoiMSJ9.XBuUW1sg4AuoqQG8CpcZd_I858eDM2eZ495UWsZvbBV4bwmk7h04hDR8IzuYCClb7Ox8xrK2eMwxSuIscHLRTxXfTtHHKvUHazEp0Tbj6MsulYM7V9gCwnHK_u3vruAk6KOa-gihjVrElzrOE7FYyhZvg2mdHwy_25dsWA8xud-dvJVA0e2cOrBnJXsKEOr8fVI-zDXNuvVoIxqXUa7KXir_ldWAqCWG-usVAPyoD5SYIJ214fUXqy3GCvH-2gLdijngAW2CWlsTkAYpnMU_CGA1xhmepUoX2-kYh-0pV5I.1Mltj6FKa5Q9asc_AS4dGIyrC6DXiZBH-ryM8y4aMvY&dib_tag=se&keywords=lego+expert&qid=1758913931&sr=8-7
Expert,10266,B07W4M54CJ,Lego 10266 Creator Expert NASA Apollo 11 Pouveaux d'atterrissage lunaire 16 ans à 99 ans,122.00,Stock faible (6),https://www.amazon.fr/Bonbell-Creator-Expert-Apollo-Building/dp/B07W4M54CJ/ref=sr_1_10?dib=eyJ2IjoiMSJ9.XBuUW1sg4AuoqQG8CpcZd_I858eDM2eZ495UWsZvbBV4bwmk7h04hDR8IzuYCClb7Ox8xrK2eMwxSuIscHLRTxXfTtHHKvUHazEp0Tbj6MsulYM7V9gCwnHK_u3vruAk6KOa-gihjVrElzrOE7FYyhZvg2mdHwy_25dsWA8xud-dvJVA0e2cOrBnJXsKEOr8fVI-zDXNuvVoIxqXUa7KXir_ldWAqCWG-usVAPyoD5SYIJ214fUXqy3GCvH-2gLdijngAW2CWlsTkAYpnMU_CGA1xhmepUoX2-kYh-0pV5I.1Mltj6FKa5Q9asc_AS4dGIyrC6DXiZBH-ryM8y4aMvY&dib_tag=se&keywords=lego+expert&qid=1758913931&sr=8-10
Expert,66016,B0DQPQFBL4,"Reobrix Set de Construction Architecture Notre-Dame de Paris, Grand Modèle de Cathédrale Notre-Dame à Exposer, Série de Monuments Célèbres Collectionnables 66016 pour Adultes 14+ (8868+ Pièces)",449.99,Stock faible (8),https://www.amazon.fr/sspa/click?ie=UTF8&spc=MTo0MDQ3MTI5OTYwNTk4OTI0OjE3NTg5MTM5MzE6c3BfbXRmOjMwMDQ5NzM4Nzg3NjAzMjo6MDo6&url=%2FReobrix-Construction-Architecture-Collectionnables-66016%2Fdp%2FB0DQPQFBL4%2Fref%3Dsr_1_19_sspa%3Fdib%3DeyJ2IjoiMSJ9.XBuUW1sg4AuoqQG8CpcZd_I858eDM2eZ495UWsZvbBV4bwmk7h04hDR8IzuYCClb7Ox8xrK2eMwxSuIscHLRTxXfTtHHKvUHazEp0Tbj6MsulYM7V9gCwnHK_u3vruAk6KOa-gihjVrElzrOE7FYyhZvg2mdHwy_25dsWA8xud-dvJVA0e2cOrBnJXsKEOr8fVI-zDXNuvVoIxqXUa7KXir_ldWAqCWG-usVAPyoD5SYIJ214fUXqy3GCvH-2gLdijngAW2CWlsTkAYpnMU_CGA1xhmepUoX2-kYh-0pV5I.1Mltj6FKa5Q9asc_AS4dGIyrC6DXiZBH-ryM8y4aMvY%26dib_tag%3Dse%26keywords%3Dlego%2Bexpert%26qid%3D1758913931%26sr%3D8-19-spons%26sp_csd%3Dd2lkZ2V0TmFtZT1zcF9tdGY%26psc%3D1&aref=kD56mqU3o7&sp_cr=ZAZ
Expert,10270,B083JXCRQF,"LEGO Creator Expert Bookshop 10270 Ensemble de présentation modulaire pour collectionneurs, collection avancée, idée cadeau pour les enfants de 16 ans et plus",236.00,Stock faible (2),https://www.amazon.fr/LEGO-6294056-Bookshop-10270/dp/B083JXCRQF/ref=sr_1_30_mod_primary_new?dib=eyJ2IjoiMSJ9.XBuUW1sg4AuoqQG8CpcZd_I858eDM2eZ495UWsZvbBV4bwmk7h04hDR8IzuYCClb7Ox8xrK2eMwxSuIscHLRTxXfTtHHKvUHazEp0Tbj6MsulYM7V9gCwnHK_u3vruAk6KOa-gihjVrElzrOE7FYyhZvg2mdHwy_25dsWA8xud-dvJVA0e2cOrBnJXsKEOr8fVI-zDXNuvVoIxqXUa7KXir_ldWAqCWG-usVAPyoD5SYIJ214fUXqy3GCvH-2gLdijngAW2CWlsTkAYpnMU_CGA1xhmepUoX2-kYh-0pV5I.1Mltj6FKa5Q9asc_AS4dGIyrC6DXiZBH-ryM8y4aMvY&dib_tag=se&keywords=lego+expert&qid=1758913931&sbo=RZvfv%2F%2FHxDF%2BO5021pAnSA%3D%3D&sr=8-30
Expert,76217,B09QFQ2X4G,"LEGO Marvel Je s'appelle Groot, Jouet à Construire et Figurine du Personnage du Film Les Gardiens de la Galaxie 2 pour Enfants, Garçons, Filles et Fans des Avengers dès 10 Ans 76217",60.00,Stock faible (5),https://www.amazon.fr/LEGO-76217-sAppelle-Construire-Figurine/dp/B09QFQ2X4G/ref=sr_1_38_mod_primary_new?dib=eyJ2IjoiMSJ9.XBuUW1sg4AuoqQG8CpcZd_I858eDM2eZ495UWsZvbBV4bwmk7h04hDR8IzuYCClb7Ox8xrK2eMwxSuIscHLRTxXfTtHHKvUHazEp0Tbj6MsulYM7V9gCwnHK_u3vruAk6KOa-gihjVrElzrOE7FYyhZvg2mdHwy_25dsWA8xud-dvJVA0e2cOrBnJXsKEOr8fVI-zDXNuvVoIxqXUa7KXir_ldWAqCWG-usVAPyoD5SYIJ214fUXqy3GCvH-2gLdijngAW2CWlsTkAYpnMU_CGA1xhmepUoX2-kYh-0pV5I.1Mltj6FKa5Q9asc_AS4dGIyrC6DXiZBH-ryM8y4aMvY&dib_tag=se&keywords=lego+expert&qid=1758913931&sbo=RZvfv%2F%2FHxDF%2BO5021pAnSA%3D%3D&sr=8-38
Expert,10264,B07NDVHWWL,LEGO Creator Expert Corner Garage 10264 Building Kit (2569Piece),289.88,Stock faible (1),https://www.amazon.fr/LEGO-Creator-Expert-Corner-construction/dp/B07NDVHWWL/ref=sr_1_39?dib=eyJ2IjoiMSJ9.XBuUW1sg4AuoqQG8CpcZd_I858eDM2eZ495UWsZvbBV4bwmk7h04hDR8IzuYCClb7Ox8xrK2eMwxSuIscHLRTxXfTtHHKvUHazEp0Tbj6MsulYM7V9gCwnHK_u3vruAk6KOa-gihjVrElzrOE7FYyhZvg2mdHwy_25dsWA8xud-dvJVA0e2cOrBnJXsKEOr8fVI-zDXNuvVoIxqXUa7KXir_ldWAqCWG-usVAPyoD5SYIJ214fUXqy3GCvH-2gLdijngAW2CWlsTkAYpnMU_CGA1xhmepUoX2-kYh-0pV5I.1Mltj6FKa5Q9asc_AS4dGIyrC6DXiZBH-ryM8y4aMvY&dib_tag=se&keywords=lego+expert&qid=1758913931&sr=8-39
Expert,10252,B01IFXVTDU,LEGO Creator Expert - 10252 - Volkswagen Beetle - Kit de Construction,189.00,Stock faible (1),https://www.amazon.fr/Creator-Expert-Volkswagen-Beetle-Building/dp/B01IFXVTDU/ref=sr_1_42?dib=eyJ2IjoiMSJ9.XBuUW1sg4AuoqQG8CpcZd_I858eDM2eZ495UWsZvbBV4bwmk7h04hDR8IzuYCClb7Ox8xrK2eMwxSuIscHLRTxXfTtHHKvUHazEp0Tbj6MsulYM7V9gCwnHK_u3vruAk6KOa-gihjVrElzrOE7FYyhZvg2mdHwy_25dsWA8xud-dvJVA0e2cOrBnJXsKEOr8fVI-zDXNuvVoIxqXUa7KXir_ldWAqCWG-usVAPyoD5SYIJ214fUXqy3GCvH-2gLdijngAW2CWlsTkAYpnMU_CGA1xhmepUoX2-kYh-0pV5I.1Mltj6FKa5Q9asc_AS4dGIyrC6DXiZBH-ryM8y4aMvY&dib_tag=se&keywords=lego+expert&qid=1758913931&sr=8-42
Expert,10263,B07C8PHWL8,"LEGO 10263 Creator Expert Winter Village Fire Station, Jouets d'incendie pour Enfants",139.99,Stock faible (11),https://www.amazon.fr/Lego-10263-Creator-10263-Confidential/dp/B07C8PHWL8/ref=sr_1_47?dib=eyJ2IjoiMSJ9.XBuUW1sg4AuoqQG8CpcZd_I858eDM2eZ495UWsZvbBV4bwmk7h04hDR8IzuYCClb7Ox8xrK2eMwxSuIscHLRTxXfTtHHKvUHazEp0Tbj6MsulYM7V9gCwnHK_u3vruAk6KOa-gihjVrElzrOE7FYyhZvg2mdHwy_25dsWA8xud-dvJVA0e2cOrBnJXsKEOr8fVI-zDXNuvVoIxqXUa7KXir_ldWAqCWG-usVAPyoD5SYIJ214fUXqy3GCvH-2gLdijngAW2CWlsTkAYpnMU_CGA1xhmepUoX2-kYh-0pV5I.1Mltj6FKa5Q9asc_AS4dGIyrC6DXiZBH-ryM8y4aMvY&dib_tag=se&keywords=lego+expert&qid=1758913931&sr=8-47
Expert,10271,B085BJVN2B,"LEGO Creator Expert Fiat 500 (10271) 16 min, 99 max",129.99,Stock faible (15),https://www.amazon.fr/LEGO-Cr%C3%A9ateur-Expert-Miniature-Pi%C3%A8ces/dp/B085BJVN2B/ref=sr_1_51?dib=eyJ2IjoiMSJ9.XBuUW1sg4AuoqQG8CpcZd_I858eDM2eZ495UWsZvbBV4bwmk7h04hDR8IzuYCClb7Ox8xrK2eMwxSuIscHLRTxXfTtHHKvUHazEp0Tbj6MsulYM7V9gCwnHK_u3vruAk6KOa-gihjVrElzrOE7FYyhZvg2mdHwy_25dsWA8xud-dvJVA0e2cOrBnJXsKEOr8fVI-zDXNuvVoIxqXUa7KXir_ldWAqCWG-usVAPyoD5SYIJ214fUXqy3GCvH-2gLdijngAW2CWlsTkAYpnMU_CGA1xhmepUoX2-kYh-0pV5I.1Mltj6FKa5Q9asc_AS4dGIyrC6DXiZBH-ryM8y4aMvY&dib_tag=se&keywords=lego+expert&qid=1758913931&sr=8-51
Expert,10260,B079ZS9MCP,LEGO Creator Expert - 10260- Jeu de construction - Dîner en centre-ville,329.90,Stock faible (8),https://www.amazon.fr/LEGO-Creator-Expert-construction-centre-ville/dp/B079ZS9MCP/ref=sr_1_49?dib=eyJ2IjoiMSJ9.IzS3wE3Kb56-Hcedq2NhTxHXaDDQLnkMq7dIz9C45A5jyzy0SXdpaqYW_Wov5Mx8JNNAOkPY5cDyBmERWWzYlXgajRsT-NZk73DSf9WmP9hs0CmDDj6Tja12dDXV_PVpVAsgIn_xwIFNNTlpz0mMbPNRRZgsqyO-HN0l05sed7HKDUUngUGWyr_FzhXlP8hcCquFXeYAsTGb-FRsK0IHNyBhQf1-1vteQ63-5ifal5sUY6pGf5Xfn4NJ3ZUwEaPCjV6YwZkSE_n7EomvazM36C4D_p6pzXh-zhhMFY4r2vQ.hr_YYFHvzPDJazMh1TGco9J80sFX13Y064jsZayTXTY&dib_tag=se&keywords=lego+expert&qid=1758913956&sr=8-49&xpid=C2BrsUuMPixcw
Expert,10269,B07G3VCS2Z,LEGO Creator (10269) Harley Davidson Fatboy Expert Series 16 ans à 99 ans(10269),181.49,Stock faible (3),https://www.amazon.fr/Lego-Creator-10269-Confidential-Multicolore/dp/B07G3VCS2Z/ref=sr_1_51?dib=eyJ2IjoiMSJ9.IzS3wE3Kb56-Hcedq2NhTxHXaDDQLnkMq7dIz9C45A5jyzy0SXdpaqYW_Wov5Mx8JNNAOkPY5cDyBmERWWzYlXgajRsT-NZk73DSf9WmP9hs0CmDDj6Tja12dDXV_PVpVAsgIn_xwIFNNTlpz0mMbPNRRZgsqyO-HN0l05sed7HKDUUngUGWyr_FzhXlP8hcCquFXeYAsTGb-FRsK0IHNyBhQf1-1vteQ63-5ifal5sUY6pGf5Xfn4NJ3ZUwEaPCjV6YwZkSE_n7EomvazM36C4D_p6pzXh-zhhMFY4r2vQ.hr_YYFHvzPDJazMh1TGco9J80sFX13Y064jsZayTXTY&dib_tag=se&keywords=lego+expert&qid=1758913956&sr=8-51&xpid=C2BrsUuMPixcw
Expert,10270,B083JZRCSS,"Lego Creator Expert Bookshop 10270 Modular Building Kit, Big Set and Collectors Toy for Adults, New 2020 (2,504 Pieces)",258.01,Stock faible (2),https://www.amazon.fr/LEGO-Creator-Bookshop-construction-modulaire/dp/B083JZRCSS/ref=sr_1_53_mod_primary_new?dib=eyJ2IjoiMSJ9.IzS3wE3Kb56-Hcedq2NhTxHXaDDQLnkMq7dIz9C45A5jyzy0SXdpaqYW_Wov5Mx8JNNAOkPY5cDyBmERWWzYlXgajRsT-NZk73DSf9WmP9hs0CmDDj6Tja12dDXV_PVpVAsgIn_xwIFNNTlpz0mMbPNRRZgsqyO-HN0l05sed7HKDUUngUGWyr_FzhXlP8hcCquFXeYAsTGb-FRsK0IHNyBhQf1-1vteQ63-5ifal5sUY6pGf5Xfn4NJ3ZUwEaPCjV6YwZkSE_n7EomvazM36C4D_p6pzXh-zhhMFY4r2vQ.hr_YYFHvzPDJazMh1TGco9J80sFX13Y064jsZayTXTY&dib_tag=se&keywords=lego+expert&qid=1758913956&sbo=RZvfv%2F%2FHxDF%2BO5021pAnSA%3D%3D&sr=8-53&xpid=C2BrsUuMPixcw
Expert,10255,B07CLVML6D,LEGO® Creator Expert 10255 La place de l'assemblée,349.00,Stock faible (1),https://www.amazon.fr/Lego-Exclusives-Place-Assembl%C3%A9e-10255/dp/B07CLVML6D/ref=sr_1_54_mod_primary_new?dib=eyJ2IjoiMSJ9.IzS3wE3Kb56-Hcedq2NhTxHXaDDQLnkMq7dIz9C45A5jyzy0SXdpaqYW_Wov5Mx8JNNAOkPY5cDyBmERWWzYlXgajRsT-NZk73DSf9WmP9hs0CmDDj6Tja12dDXV_PVpVAsgIn_xwIFNNTlpz0mMbPNRRZgsqyO-HN0l05sed7HKDUUngUGWyr_FzhXlP8hcCquFXeYAsTGb-FRsK0IHNyBhQf1-1vteQ63-5ifal5sUY6pGf5Xfn4NJ3ZUwEaPCjV6YwZkSE_n7EomvazM36C4D_p6pzXh-zhhMFY4r2vQ.hr_YYFHvzPDJazMh1TGco9J80sFX13Y064jsZayTXTY&dib_tag=se&keywords=lego+expert&qid=1758913956&sbo=RZvfv%2F%2FHxDF%2BO5021pAnSA%3D%3D&sr=8-54&xpid=C2BrsUuMPixcw
Expert,10293,B0966GDLM7,"LEGO La Vesita 10293 du Père Noël, multicolore",132.59,Stock faible (6),https://www.amazon.fr/LEGO-Creator-Expert-Weihnachtsmanns-10293/dp/B0966GDLM7/ref=sr_1_55_mod_primary_new?dib=eyJ2IjoiMSJ9.IzS3wE3Kb56-Hcedq2NhTxHXaDDQLnkMq7dIz9C45A5jyzy0SXdpaqYW_Wov5Mx8JNNAOkPY5cDyBmERWWzYlXgajRsT-NZk73DSf9WmP9hs0CmDDj6Tja12dDXV_PVpVAsgIn_xwIFNNTlpz0mMbPNRRZgsqyO-HN0l05sed7HKDUUngUGWyr_FzhXlP8hcCquFXeYAsTGb-FRsK0IHNyBhQf1-1vteQ63-5ifal5sUY6pGf5Xfn4NJ3ZUwEaPCjV6YwZkSE_n7EomvazM36C4D_p6pzXh-zhhMFY4r2vQ.hr_YYFHvzPDJazMh1TGco9J80sFX13Y064jsZayTXTY&dib_tag=se&keywords=lego+expert&qid=1758913956&sbo=RZvfv%2F%2FHxDF%2BO5021pAnSA%3D%3D&sr=8-55&xpid=C2BrsUuMPixcw
Expert,10265,B07JXP6RW5,LEGO Creator 10265 - 1967 Ford Mustang 390 GT 2+2 Fastback (1471 pièces),193.89,Stock faible (2),https://www.amazon.fr/LEGO-Creator-10265-Mustang-Fastback/dp/B07JXP6RW5/ref=sr_1_57_mod_primary_new?dib=eyJ2IjoiMSJ9.IzS3wE3Kb56-Hcedq2NhTxHXaDDQLnkMq7dIz9C45A5jyzy0SXdpaqYW_Wov5Mx8JNNAOkPY5cDyBmERWWzYlXgajRsT-NZk73DSf9WmP9hs0CmDDj6Tja12dDXV_PVpVAsgIn_xwIFNNTlpz0mMbPNRRZgsqyO-HN0l05sed7HKDUUngUGWyr_FzhXlP8hcCquFXeYAsTGb-FRsK0IHNyBhQf1-1vteQ63-5ifal5sUY6pGf5Xfn4NJ3ZUwEaPCjV6YwZkSE_n7EomvazM36C4D_p6pzXh-zhhMFY4r2vQ.hr_YYFHvzPDJazMh1TGco9J80sFX13Y064jsZayTXTY&dib_tag=se&keywords=lego+expert&qid=1758913956&sbo=RZvfv%2F%2FHxDF%2BO5021pAnSA%3D%3D&sr=8-57&xpid=C2BrsUuMPixcw
Expert,10271,B084ZR8KZT,"LEGO Creator Expert Fiat 500 10271 Toy Car Building Set for Adults and Fans of Model Kits Sets Idea, New 2020 (960 Pieces)",152.78,Stock faible (8),https://www.amazon.fr/LEGO-Creator-Expert-Construction-Maquette/dp/B084ZR8KZT/ref=sr_1_58_mod_primary_new?dib=eyJ2IjoiMSJ9.IzS3wE3Kb56-Hcedq2NhTxHXaDDQLnkMq7dIz9C45A5jyzy0SXdpaqYW_Wov5Mx8JNNAOkPY5cDyBmERWWzYlXgajRsT-NZk73DSf9WmP9hs0CmDDj6Tja12dDXV_PVpVAsgIn_xwIFNNTlpz0mMbPNRRZgsqyO-HN0l05sed7HKDUUngUGWyr_FzhXlP8hcCquFXeYAsTGb-FRsK0IHNyBhQf1-1vteQ63-5ifal5sUY6pGf5Xfn4NJ3ZUwEaPCjV6YwZkSE_n7EomvazM36C4D_p6pzXh-zhhMFY4r2vQ.hr_YYFHvzPDJazMh1TGco9J80sFX13Y064jsZayTXTY&dib_tag=se&keywords=lego+expert&qid=1758913956&sbo=RZvfv%2F%2FHxDF%2BO5021pAnSA%3D%3D&sr=8-58&xpid=C2BrsUuMPixcw
Expert,10268,B07JNG1CVK,LEGO Creator Expert 10268 - Éolienne Vestas,349.90,Stock faible (6),https://www.amazon.fr/LEGO-Creator-Expert-10268-%C3%89olienne/dp/B07JNG1CVK/ref=sr_1_63?dib=eyJ2IjoiMSJ9.IzS3wE3Kb56-Hcedq2NhTxHXaDDQLnkMq7dIz9C45A5jyzy0SXdpaqYW_Wov5Mx8JNNAOkPY5cDyBmERWWzYlXgajRsT-NZk73DSf9WmP9hs0CmDDj6Tja12dDXV_PVpVAsgIn_xwIFNNTlpz0mMbPNRRZgsqyO-HN0l05sed7HKDUUngUGWyr_FzhXlP8hcCquFXeYAsTGb-FRsK0IHNyBhQf1-1vteQ63-5ifal5sUY6pGf5Xfn4NJ3ZUwEaPCjV6YwZkSE_n7EomvazM36C4D_p6pzXh-zhhMFY4r2vQ.hr_YYFHvzPDJazMh1TGco9J80sFX13Y064jsZayTXTY&dib_tag=se&keywords=lego+expert&qid=1758913956&sr=8-63&xpid=C2BrsUuMPixcw
Expert,10317,B0C18MVQN3,LEGO Icons - 10317 - Land Rover Defender 90-2336 pièces,204.99,Stock faible (15),https://www.amazon.fr/LEGO-Icons-Classic-Defender-10317/dp/B0C18MVQN3/ref=sr_1_65?dib=eyJ2IjoiMSJ9.IzS3wE3Kb56-Hcedq2NhTxHXaDDQLnkMq7dIz9C45A5jyzy0SXdpaqYW_Wov5Mx8JNNAOkPY5cDyBmERWWzYlXgajRsT-NZk73DSf9WmP9hs0CmDDj6Tja12dDXV_PVpVAsgIn_xwIFNNTlpz0mMbPNRRZgsqyO-HN0l05sed7HKDUUngUGWyr_FzhXlP8hcCquFXeYAsTGb-FRsK0IHNyBhQf1-1vteQ63-5ifal5sUY6pGf5Xfn4NJ3ZUwEaPCjV6YwZkSE_n7EomvazM36C4D_p6pzXh-zhhMFY4r2vQ.hr_YYFHvzPDJazMh1TGco9J80sFX13Y064jsZayTXTY&dib_tag=se&keywords=lego+expert&qid=1758913956&sr=8-65&xpid=C2BrsUuMPixcw
Expert,10295,B08T26NDPN,LEGO Wave Creator Expert Porsche 911 | 10295,151.99,Stock faible (10),https://www.amazon.fr/Creator-Porsche-Mod%C3%A8le-1973-1989-pi%C3%A8ces/dp/B08T26NDPN/ref=sr_1_71?dib=eyJ2IjoiMSJ9.IzS3wE3Kb56-Hcedq2NhTxHXaDDQLnkMq7dIz9C45A5jyzy0SXdpaqYW_Wov5Mx8JNNAOkPY5cDyBmERWWzYlXgajRsT-NZk73DSf9WmP9hs0CmDDj6Tja12dDXV_PVpVAsgIn_xwIFNNTlpz0mMbPNRRZgsqyO-HN0l05sed7HKDUUngUGWyr_FzhXlP8hcCquFXeYAsTGb-FRsK0IHNyBhQf1-1vteQ63-5ifal5sUY6pGf5Xfn4NJ3ZUwEaPCjV6YwZkSE_n7EomvazM36C4D_p6pzXh-zhhMFY4r2vQ.hr_YYFHvzPDJazMh1TGco9J80sFX13Y064jsZayTXTY&dib_tag=se&keywords=lego+expert&qid=1758913956&sr=8-71&xpid=C2BrsUuMPixcw
Expert,10232,B00BJNT5IU,LEGO Creator Expert - 10232 - Jeu de Construction - Palace Cinéma,424.95,Stock faible (1),https://www.amazon.fr/Lego-Creator-Construction-Palace-Cin%C3%A9ma/dp/B00BJNT5IU/ref=sr_1_72?dib=eyJ2IjoiMSJ9.IzS3wE3Kb56-Hcedq2NhTxHXaDDQLnkMq7dIz9C45A5jyzy0SXdpaqYW_Wov5Mx8JNNAOkPY5cDyBmERWWzYlXgajRsT-NZk73DSf9WmP9hs0CmDDj6Tja12dDXV_PVpVAsgIn_xwIFNNTlpz0mMbPNRRZgsqyO-HN0l05sed7HKDUUngUGWyr_FzhXlP8hcCquFXeYAsTGb-FRsK0IHNyBhQf1-1vteQ63-5ifal5sUY6pGf5Xfn4NJ3ZUwEaPCjV6YwZkSE_n7EomvazM36C4D_p6pzXh-zhhMFY4r2vQ.hr_YYFHvzPDJazMh1TGco9J80sFX13Y064jsZayTXTY&dib_tag=se&keywords=lego+expert&qid=1758913956&sr=8-72&xpid=C2BrsUuMPixcw
Expert,10243,B00HQIZBE4,Lego Creator - 10243 - Le Restaurant Parisien,498.65,Stock faible (2),https://www.amazon.fr/Lego-Creator-10243-Restaurant-Parisien/dp/B00HQIZBE4/ref=sr_1_73_mod_primary_new?dib=eyJ2IjoiMSJ9.IzS3wE3Kb56-Hcedq2NhTxHXaDDQLnkMq7dIz9C45A5jyzy0SXdpaqYW_Wov5Mx8JNNAOkPY5cDyBmERWWzYlXgajRsT-NZk73DSf9WmP9hs0CmDDj6Tja12dDXV_PVpVAsgIn_xwIFNNTlpz0mMbPNRRZgsqyO-HN0l05sed7HKDUUngUGWyr_FzhXlP8hcCquFXeYAsTGb-FRsK0IHNyBhQf1-1vteQ63-5ifal5sUY6pGf5Xfn4NJ3ZUwEaPCjV6YwZkSE_n7EomvazM36C4D_p6pzXh-zhhMFY4r2vQ.hr_YYFHvzPDJazMh1TGco9J80sFX13Y064jsZayTXTY&dib_tag=se&keywords=lego+expert&qid=1758913956&sbo=RZvfv%2F%2FHxDF%2BO5021pAnSA%3D%3D&sr=8-73&xpid=C2BrsUuMPixcw
Expert,10220,B014QRO0W6,LEGO Creator Volkswagen T1 Camper Van 10220 by LEGO,271.84,Stock faible (4),https://www.amazon.fr/LEGO-Creator-Volkswagen-Camper-10220/dp/B014QRO0W6/ref=sr_1_76?dib=eyJ2IjoiMSJ9.IzS3wE3Kb56-Hcedq2NhTxHXaDDQLnkMq7dIz9C45A5jyzy0SXdpaqYW_Wov5Mx8JNNAOkPY5cDyBmERWWzYlXgajRsT-NZk73DSf9WmP9hs0CmDDj6Tja12dDXV_PVpVAsgIn_xwIFNNTlpz0mMbPNRRZgsqyO-HN0l05sed7HKDUUngUGWyr_FzhXlP8hcCquFXeYAsTGb-FRsK0IHNyBhQf1-1vteQ63-5ifal5sUY6pGf5Xfn4NJ3ZUwEaPCjV6YwZkSE_n7EomvazM36C4D_p6pzXh-zhhMFY4r2vQ.hr_YYFHvzPDJazMh1TGco9J80sFX13Y064jsZayTXTY&dib_tag=se&keywords=lego+expert&qid=1758913956&sr=8-76&xpid=C2BrsUuMPixcw
Expert,10261,B07D69M13J,LEGO Creator Expert Roller Coaster 10261 Building Kit (4124 Pieces),504.98,Stock faible (2),https://www.amazon.fr/LEGO-6213412-Roller-Coaster-10261-kit-construction/dp/B07D69M13J/ref=sr_1_82?dib=eyJ2IjoiMSJ9.IzS3wE3Kb56-Hcedq2NhTxHXaDDQLnkMq7dIz9C45A5jyzy0SXdpaqYW_Wov5Mx8JNNAOkPY5cDyBmERWWzYlXgajRsT-NZk73DSf9WmP9hs0CmDDj6Tja12dDXV_PVpVAsgIn_xwIFNNTlpz0mMbPNRRZgsqyO-HN0l05sed7HKDUUngUGWyr_FzhXlP8hcCquFXeYAsTGb-FRsK0IHNyBhQf1-1vteQ63-5ifal5sUY6pGf5Xfn4NJ3ZUwEaPCjV6YwZkSE_n7EomvazM36C4D_p6pzXh-zhhMFY4r2vQ.hr_YYFHvzPDJazMh1TGco9J80sFX13Y064jsZayTXTY&dib_tag=se&keywords=lego+expert&qid=1758913956&sr=8-82&xpid=C2BrsUuMPixcw
Expert,10258,B073ZMH6F3,Lego Schöpfer Experte London Bus 10258 Bausatz (1686 Stück),189.90,Stock faible (1),https://www.amazon.fr/Sch%C3%B6pfer-Experte-London-10258-Bausatz/dp/B073ZMH6F3/ref=sr_1_89_mod_primary_new?dib=eyJ2IjoiMSJ9.IzS3wE3Kb56-Hcedq2NhTxHXaDDQLnkMq7dIz9C45A5jyzy0SXdpaqYW_Wov5Mx8JNNAOkPY5cDyBmERWWzYlXgajRsT-NZk73DSf9WmP9hs0CmDDj6Tja12dDXV_PVpVAsgIn_xwIFNNTlpz0mMbPNRRZgsqyO-HN0l05sed7HKDUUngUGWyr_FzhXlP8hcCquFXeYAsTGb-FRsK0IHNyBhQf1-1vteQ63-5ifal5sUY6pGf5Xfn4NJ3ZUwEaPCjV6YwZkSE_n7EomvazM36C4D_p6pzXh-zhhMFY4r2vQ.hr_YYFHvzPDJazMh1TGco9J80sFX13Y064jsZayTXTY&dib_tag=se&keywords=lego+expert&qid=1758913956&sbo=RZvfv%2F%2FHxDF%2BO5021pAnSA%3D%3D&sr=8-89&xpid=C2BrsUuMPixcw
Expert,77942,B09FTMYQX3,LEGO Creator Expert Fiat 500 Light Blue Limited Edition 77942,229.95,Stock faible (1),https://www.amazon.fr/Creator-Expert-Light-Limited-77942/dp/B09FTMYQX3/ref=sr_1_90_mod_primary_new?dib=eyJ2IjoiMSJ9.IzS3wE3Kb56-Hcedq2NhTxHXaDDQLnkMq7dIz9C45A5jyzy0SXdpaqYW_Wov5Mx8JNNAOkPY5cDyBmERWWzYlXgajRsT-NZk73DSf9WmP9hs0CmDDj6Tja12dDXV_PVpVAsgIn_xwIFNNTlpz0mMbPNRRZgsqyO-HN0l05sed7HKDUUngUGWyr_FzhXlP8hcCquFXeYAsTGb-FRsK0IHNyBhQf1-1vteQ63-5ifal5sUY6pGf5Xfn4NJ3ZUwEaPCjV6YwZkSE_n7EomvazM36C4D_p6pzXh-zhhMFY4r2vQ.hr_YYFHvzPDJazMh1TGco9J80sFX13Y064jsZayTXTY&dib_tag=se&keywords=lego+expert&qid=1758913956&sbo=RZvfv%2F%2FHxDF%2BO5021pAnSA%3D%3D&sr=8-90&xpid=C2BrsUuMPixcw
Expert,10257,B071NT3DST,Lego Creator 10257 Carrousel Construction Jouets,440.00,Stock faible (1),https://www.amazon.fr/Lego-10257-Creator-10257-Le-Man%C3%A8ge/dp/B071NT3DST/ref=sr_1_92?dib=eyJ2IjoiMSJ9.IzS3wE3Kb56-Hcedq2NhTxHXaDDQLnkMq7dIz9C45A5jyzy0SXdpaqYW_Wov5Mx8JNNAOkPY5cDyBmERWWzYlXgajRsT-NZk73DSf9WmP9hs0CmDDj6Tja12dDXV_PVpVAsgIn_xwIFNNTlpz0mMbPNRRZgsqyO-HN0l05sed7HKDUUngUGWyr_FzhXlP8hcCquFXeYAsTGb-FRsK0IHNyBhQf1-1vteQ63-5ifal5sUY6pGf5Xfn4NJ3ZUwEaPCjV6YwZkSE_n7EomvazM36C4D_p6pzXh-zhhMFY4r2vQ.hr_YYFHvzPDJazMh1TGco9J80sFX13Y064jsZayTXTY&dib_tag=se&keywords=lego+expert&qid=1758913956&sr=8-92&xpid=C2BrsUuMPixcw
Expert,70620,B07G3NS714,LEGO Creator 70620 Garage d'angle Multicolore,313.90,Stock faible (1),https://www.amazon.fr/Lego-Creator-10264-Confidential-Multicolore/dp/B07G3NS714/ref=sr_1_95?dib=eyJ2IjoiMSJ9.IzS3wE3Kb56-Hcedq2NhTxHXaDDQLnkMq7dIz9C45A5jyzy0SXdpaqYW_Wov5Mx8JNNAOkPY5cDyBmERWWzYlXgajRsT-NZk73DSf9WmP9hs0CmDDj6Tja12dDXV_PVpVAsgIn_xwIFNNTlpz0mMbPNRRZgsqyO-HN0l05sed7HKDUUngUGWyr_FzhXlP8hcCquFXeYAsTGb-FRsK0IHNyBhQf1-1vteQ63-5ifal5sUY6pGf5Xfn4NJ3ZUwEaPCjV6YwZkSE_n7EomvazM36C4D_p6pzXh-zhhMFY4r2vQ.hr_YYFHvzPDJazMh1TGco9J80sFX13Y064jsZayTXTY&dib_tag=se&keywords=lego+expert&qid=1758913956&sr=8-95&xpid=C2BrsUuMPixcw
Icons,10317,B0C18MVQN3,LEGO Icons - 10317 - Land Rover Defender 90-2336 pièces,204.99,Stock faible (15),https://www.amazon.fr/LEGO-Icons-Classic-Defender-10317/dp/B0C18MVQN3/ref=sr_1_46?dib=eyJ2IjoiMSJ9.GJbhz6o3Ajf-0G2KufOuvtCVjwsBmApDsxsQ1JpsDZqYzXx9k5WF_70qc7TEagaYdweV8vzhrMuKD4uOq43KoT78Ti5rpM39iObJQTcbQW69Py4GmQJaOAOuIavvzAgQPad9x0oPfPX9TlEnpvIq7X36ZUIEchRpb_QUbXWCmAhgrJ3DxXN29tez7lDvDfLyFNVQwpnwS2Q23Pa6_kS5lM3dOkQva0EjXBTkJ5lOwQ54uYsUTJ3LajO5J8VSfL3dAcnoNcSAOpSgxlUkNkgMRe3p2w8eMup-GbtN7Mba9f8.jRml8_FRxSQTfas_MycGiFfD3lMH-cghyx7hPPYaetU&dib_tag=se&keywords=lego+icons&qid=1758913980&sr=8-46
Icons,40681,B0CRH2ZDS6,Lego Icons 40681 - Camion Alimentaire rétro,56.29,Stock faible (1),https://www.amazon.fr/LEGO-Icons-40681-Camion-alimentaire/dp/B0CRH2ZDS6/ref=sr_1_56?dib=eyJ2IjoiMSJ9.RKFAIhCSTel1pOq3hg4R8K1h2hl3NCIHm7wPAag5YWQ7yoRDYsfIhajO0vZtvauINyKl1IyGliy_tOuaveGCOkVhv6LYJ_DpU8Tea40RM2TiJT_pA3LR6vb13YfLn7vIRyfRHqjb_Ak5jjna-DGouJA-EKOhKZ3d2GWmWrQMA37Z-z4fI-ABc-t-J7Cg2XaRKdgQzxvBWcK531qdz9zZDfwsahgOO5t_yQcFWPeRgr59ye6U3aw84rhR2m9w0x09UzcujI1yI6rUodYyABPJxg7h7ncCscDhpuCL1hwtwzM.jlTzIRGPULqSlQdzkAlphVNnN7E5L6BaV8_lesUe5UM&dib_tag=se&keywords=lego+icons&qid=1758914005&sr=8-56&xpid=SI_Y47EmGWv2Z
Icons,10274,B08G4PD84J,"LEGO Icons Ghostbusters ECTO-1 Groot Model Auto Bouwpakket voor Volwassenen, Nostalgisch Woonaccessoire of Bureau Accessoire, Cadeau voor Mannen en Vrouwen, Hem en Haar 10274",274.85,Stock faible (3),https://www.amazon.fr/LEGO-10274-Fant%C3%B4mes-construire-collection/dp/B08G4PD84J/ref=sr_1_57?dib=eyJ2IjoiMSJ9.RKFAIhCSTel1pOq3hg4R8K1h2hl3NCIHm7wPAag5YWQ7yoRDYsfIhajO0vZtvauINyKl1IyGliy_tOuaveGCOkVhv6LYJ_DpU8Tea40RM2TiJT_pA3LR6vb13YfLn7vIRyfRHqjb_Ak5jjna-DGouJA-EKOhKZ3d2GWmWrQMA37Z-z4fI-ABc-t-J7Cg2XaRKdgQzxvBWcK531qdz9zZDfwsahgOO5t_yQcFWPeRgr59ye6U3aw84rhR2m9w0x09UzcujI1yI6rUodYyABPJxg7h7ncCscDhpuCL1hwtwzM.jlTzIRGPULqSlQdzkAlphVNnN7E5L6BaV8_lesUe5UM&dib_tag=se&keywords=lego+icons&qid=1758914005&sr=8-57&xpid=SI_Y47EmGWv2Z
Icons,10340,B0CY9XKS7Q,LEGO Icons Grinalda - 10340,98.06,Stock faible (4),https://www.amazon.fr/LEGO-10340-Icons-Grinalda/dp/B0CY9XKS7Q/ref=sr_1_63?dib=eyJ2IjoiMSJ9.RKFAIhCSTel1pOq3hg4R8K1h2hl3NCIHm7wPAag5YWQ7yoRDYsfIhajO0vZtvauINyKl1IyGliy_tOuaveGCOkVhv6LYJ_DpU8Tea40RM2TiJT_pA3LR6vb13YfLn7vIRyfRHqjb_Ak5jjna-DGouJA-EKOhKZ3d2GWmWrQMA37Z-z4fI-ABc-t-J7Cg2XaRKdgQzxvBWcK531qdz9zZDfwsahgOO5t_yQcFWPeRgr59ye6U3aw84rhR2m9w0x09UzcujI1yI6rUodYyABPJxg7h7ncCscDhpuCL1hwtwzM.jlTzIRGPULqSlQdzkAlphVNnN7E5L6BaV8_lesUe5UM&dib_tag=se&keywords=lego+icons&qid=1758914005&sr=8-63&xpid=SI_Y47EmGWv2Z
Icons,10282,B08WXB3GDK,LEGO 10282 Icons Adidas Originals Superstar,127.46,Stock faible (7),https://www.amazon.fr/LEGO-10282-Chaussure-Originals-Construction/dp/B08WXB3GDK/ref=sr_1_69?dib=eyJ2IjoiMSJ9.RKFAIhCSTel1pOq3hg4R8K1h2hl3NCIHm7wPAag5YWQ7yoRDYsfIhajO0vZtvauINyKl1IyGliy_tOuaveGCOkVhv6LYJ_DpU8Tea40RM2TiJT_pA3LR6vb13YfLn7vIRyfRHqjb_Ak5jjna-DGouJA-EKOhKZ3d2GWmWrQMA37Z-z4fI-ABc-t-J7Cg2XaRKdgQzxvBWcK531qdz9zZDfwsahgOO5t_yQcFWPeRgr59ye6U3aw84rhR2m9w0x09UzcujI1yI6rUodYyABPJxg7h7ncCscDhpuCL1hwtwzM.jlTzIRGPULqSlQdzkAlphVNnN7E5L6BaV8_lesUe5UM&dib_tag=se&keywords=lego+icons&qid=1758914005&sr=8-69&xpid=SI_Y47EmGWv2Z
Icons,10337,B0D8VGT3MV,LEGO 10337 Lamborghini Countach 5000 quattrovalvole,179.99,Stock faible (14),https://www.amazon.fr/LEGO-10337-Lamborghini-Countach-quattrovalvole/dp/B0D8VGT3MV/ref=sr_1_73?dib=eyJ2IjoiMSJ9.RKFAIhCSTel1pOq3hg4R8K1h2hl3NCIHm7wPAag5YWQ7yoRDYsfIhajO0vZtvauINyKl1IyGliy_tOuaveGCOkVhv6LYJ_DpU8Tea40RM2TiJT_pA3LR6vb13YfLn7vIRyfRHqjb_Ak5jjna-DGouJA-EKOhKZ3d2GWmWrQMA37Z-z4fI-ABc-t-J7Cg2XaRKdgQzxvBWcK531qdz9zZDfwsahgOO5t_yQcFWPeRgr59ye6U3aw84rhR2m9w0x09UzcujI1yI6rUodYyABPJxg7h7ncCscDhpuCL1hwtwzM.jlTzIRGPULqSlQdzkAlphVNnN7E5L6BaV8_lesUe5UM&dib_tag=se&keywords=lego+icons&qid=1758914005&sr=8-73&xpid=SI_Y47EmGWv2Z
Icons,10304,B0B84V2W8D,"LEGO 10304 Icons Chevrolet Camaro Z28, Kit de Construction de Voiture Miniature, Muscle Car Américaine, Maquette à Construire, Cadeau pour Adultes",204.77,Stock faible (3),https://www.amazon.fr/LEGO-10304-Chevrolet-Camaro-pi%C3%A8ces/dp/B0B84V2W8D/ref=sr_1_75_mod_primary_new?dib=eyJ2IjoiMSJ9.RKFAIhCSTel1pOq3hg4R8K1h2hl3NCIHm7wPAag5YWQ7yoRDYsfIhajO0vZtvauINyKl1IyGliy_tOuaveGCOkVhv6LYJ_DpU8Tea40RM2TiJT_pA3LR6vb13YfLn7vIRyfRHqjb_Ak5jjna-DGouJA-EKOhKZ3d2GWmWrQMA37Z-z4fI-ABc-t-J7Cg2XaRKdgQzxvBWcK531qdz9zZDfwsahgOO5t_yQcFWPeRgr59ye6U3aw84rhR2m9w0x09UzcujI1yI6rUodYyABPJxg7h7ncCscDhpuCL1hwtwzM.jlTzIRGPULqSlQdzkAlphVNnN7E5L6BaV8_lesUe5UM&dib_tag=se&keywords=lego+icons&qid=1758914005&sbo=RZvfv%2F%2FHxDF%2BO5021pAnSA%3D%3D&sr=8-75&xpid=SI_Y47EmGWv2Z
Icons,10335,B01NBFSJPC,LEGO ICONS 10335 Endurance (10335),339.99,Stock faible (2),https://www.amazon.fr/LEGO-ICONS-10335-Endurance/dp/B01NBFSJPC/ref=sr_1_84?dib=eyJ2IjoiMSJ9.RKFAIhCSTel1pOq3hg4R8K1h2hl3NCIHm7wPAag5YWQ7yoRDYsfIhajO0vZtvauINyKl1IyGliy_tOuaveGCOkVhv6LYJ_DpU8Tea40RM2TiJT_pA3LR6vb13YfLn7vIRyfRHqjb_Ak5jjna-DGouJA-EKOhKZ3d2GWmWrQMA37Z-z4fI-ABc-t-J7Cg2XaRKdgQzxvBWcK531qdz9zZDfwsahgOO5t_yQcFWPeRgr59ye6U3aw84rhR2m9w0x09UzcujI1yI6rUodYyABPJxg7h7ncCscDhpuCL1hwtwzM.jlTzIRGPULqSlQdzkAlphVNnN7E5L6BaV8_lesUe5UM&dib_tag=se&keywords=lego+icons&qid=1758914005&sr=8-84&xpid=SI_Y47EmGWv2Z
Icons,10314,B0BGQLZ921,"LEGO Icons 10314 Lot de 812 Plantes artificielles pour Adultes, décoration de Saint-Valentin, idée Cadeau créative",71.95,Stock faible (1),https://www.amazon.fr/LEGO-artificielles-d%C3%A9coration-Saint-Valentin-cr%C3%A9ative/dp/B0BGQLZ921/ref=sr_1_85_mod_primary_new?dib=eyJ2IjoiMSJ9.RKFAIhCSTel1pOq3hg4R8K1h2hl3NCIHm7wPAag5YWQ7yoRDYsfIhajO0vZtvauINyKl1IyGliy_tOuaveGCOkVhv6LYJ_DpU8Tea40RM2TiJT_pA3LR6vb13YfLn7vIRyfRHqjb_Ak5jjna-DGouJA-EKOhKZ3d2GWmWrQMA37Z-z4fI-ABc-t-J7Cg2XaRKdgQzxvBWcK531qdz9zZDfwsahgOO5t_yQcFWPeRgr59ye6U3aw84rhR2m9w0x09UzcujI1yI6rUodYyABPJxg7h7ncCscDhpuCL1hwtwzM.jlTzIRGPULqSlQdzkAlphVNnN7E5L6BaV8_lesUe5UM&dib_tag=se&keywords=lego+icons&qid=1758914005&sbo=RZvfv%2F%2FHxDF%2BO5021pAnSA%3D%3D&sr=8-85&xpid=SI_Y47EmGWv2Z
Icons,21054,B0813QBV6M,"LEGO 21054 Architecture La Maison Blanche, Ensemble de Construction Landmark, Modèle de Collection et d'Exposition pour Adultes",140.00,Stock faible (3),https://www.amazon.fr/Blanche-Architecture-Construction-21054-Multicolore/dp/B0813QBV6M/ref=sr_1_90?dib=eyJ2IjoiMSJ9.RKFAIhCSTel1pOq3hg4R8K1h2hl3NCIHm7wPAag5YWQ7yoRDYsfIhajO0vZtvauINyKl1IyGliy_tOuaveGCOkVhv6LYJ_DpU8Tea40RM2TiJT_pA3LR6vb13YfLn7vIRyfRHqjb_Ak5jjna-DGouJA-EKOhKZ3d2GWmWrQMA37Z-z4fI-ABc-t-J7Cg2XaRKdgQzxvBWcK531qdz9zZDfwsahgOO5t_yQcFWPeRgr59ye6U3aw84rhR2m9w0x09UzcujI1yI6rUodYyABPJxg7h7ncCscDhpuCL1hwtwzM.jlTzIRGPULqSlQdzkAlphVNnN7E5L6BaV8_lesUe5UM&dib_tag=se&keywords=lego+icons&qid=1758914005&sr=8-90&xpid=SI_Y47EmGWv2Z
Icons,10350,B01N5B2LYH,LEGO Icons 10350 La bâtisse Tudor - Maison Miniature pour Adulte,283.98,Stock faible (1),https://www.amazon.fr/LEGO-10350-Icons/dp/B01N5B2LYH/ref=sr_1_91_mod_primary_new?dib=eyJ2IjoiMSJ9.RKFAIhCSTel1pOq3hg4R8K1h2hl3NCIHm7wPAag5YWQ7yoRDYsfIhajO0vZtvauINyKl1IyGliy_tOuaveGCOkVhv6LYJ_DpU8Tea40RM2TiJT_pA3LR6vb13YfLn7vIRyfRHqjb_Ak5jjna-DGouJA-EKOhKZ3d2GWmWrQMA37Z-z4fI-ABc-t-J7Cg2XaRKdgQzxvBWcK531qdz9zZDfwsahgOO5t_yQcFWPeRgr59ye6U3aw84rhR2m9w0x09UzcujI1yI6rUodYyABPJxg7h7ncCscDhpuCL1hwtwzM.jlTzIRGPULqSlQdzkAlphVNnN7E5L6BaV8_lesUe5UM&dib_tag=se&keywords=lego+icons&qid=1758914005&sbo=RZvfv%2F%2FHxDF%2BO5021pAnSA%3D%3D&sr=8-91&xpid=SI_Y47EmGWv2Z
Architecture,40585,B0BWWXT1R9,LEGO 40585 - World of Wonders,38.49,Stock faible (1),https://www.amazon.fr/LEGO-40585-World-of-Wonders/dp/B0BWWXT1R9/ref=sr_1_18?dib=eyJ2IjoiMSJ9.85yZE5LK2GZl_5FtykXuo96YbE7t5RQ6iDlMo8GpRe5XW5qCv8ci2XoIWGwwc2M3BAwvHuOpqLge9On-9nfHXv1ew1GgxsOOcNxqOtZlmCHXgg34SJo3221dx8H8jcP32dGytzxSsmx03jMMcNfAiZ396zBLyVDX8un2XkygpX1-FSWhXphbQxIBZwlhX1VR6cRtt6BU9niks3A3TUzgOREVW6wVoDTpuaHY9VQERYxWEYdKWwN9Xi6vUDcrVgQxCSpsHuJPABdFUmiPKfteArP4BkIVVpqE0lLbRGQ5w6Y.ij0-btjxMYKCsClNHg0dQjDvU9G3dbnFUap9IM5dt98&dib_tag=se&keywords=lego+architecture&qid=1758914030&sr=8-18
Architecture,21051,B07W4KTD3W,LEGO 21051 Architecture Tokyo,108.70,Stock faible (12),https://www.amazon.fr/LEGO-21051-Architecture-construction-collectionner/dp/B07W4KTD3W/ref=sr_1_21?dib=eyJ2IjoiMSJ9.85yZE5LK2GZl_5FtykXuo96YbE7t5RQ6iDlMo8GpRe5XW5qCv8ci2XoIWGwwc2M3BAwvHuOpqLge9On-9nfHXv1ew1GgxsOOcNxqOtZlmCHXgg34SJo3221dx8H8jcP32dGytzxSsmx03jMMcNfAiZ396zBLyVDX8un2XkygpX1-FSWhXphbQxIBZwlhX1VR6cRtt6BU9niks3A3TUzgOREVW6wVoDTpuaHY9VQERYxWEYdKWwN9Xi6vUDcrVgQxCSpsHuJPABdFUmiPKfteArP4BkIVVpqE0lLbRGQ5w6Y.ij0-btjxMYKCsClNHg0dQjDvU9G3dbnFUap9IM5dt98&dib_tag=se&keywords=lego+architecture&qid=1758914030&sr=8-21
Architecture,21045,B07KTK9B3Z,LEGO 21045 Architecture Trafalgar Square,118.77,Stock faible (7),https://www.amazon.fr/LEGO%C2%AE-Trafalgar-Architecture-Construction-Multicolore/dp/B07KTK9B3Z/ref=sr_1_24?dib=eyJ2IjoiMSJ9.85yZE5LK2GZl_5FtykXuo96YbE7t5RQ6iDlMo8GpRe5XW5qCv8ci2XoIWGwwc2M3BAwvHuOpqLge9On-9nfHXv1ew1GgxsOOcNxqOtZlmCHXgg34SJo3221dx8H8jcP32dGytzxSsmx03jMMcNfAiZ396zBLyVDX8un2XkygpX1-FSWhXphbQxIBZwlhX1VR6cRtt6BU9niks3A3TUzgOREVW6wVoDTpuaHY9VQERYxWEYdKWwN9Xi6vUDcrVgQxCSpsHuJPABdFUmiPKfteArP4BkIVVpqE0lLbRGQ5w6Y.ij0-btjxMYKCsClNHg0dQjDvU9G3dbnFUap9IM5dt98&dib_tag=se&keywords=lego+architecture&qid=1758914030&sr=8-24
Architecture,21054,B0813QBV6M,"LEGO 21054 Architecture La Maison Blanche, Ensemble de Construction Landmark, Modèle de Collection et d'Exposition pour Adultes",140.00,Stock faible (3),https://www.amazon.fr/Blanche-Architecture-Construction-21054-Multicolore/dp/B0813QBV6M/ref=sr_1_25?dib=eyJ2IjoiMSJ9.85yZE5LK2GZl_5FtykXuo96YbE7t5RQ6iDlMo8GpRe5XW5qCv8ci2XoIWGwwc2M3BAwvHuOpqLge9On-9nfHXv1ew1GgxsOOcNxqOtZlmCHXgg34SJo3221dx8H8jcP32dGytzxSsmx03jMMcNfAiZ396zBLyVDX8un2XkygpX1-FSWhXphbQxIBZwlhX1VR6cRtt6BU9niks3A3TUzgOREVW6wVoDTpuaHY9VQERYxWEYdKWwN9Xi6vUDcrVgQxCSpsHuJPABdFUmiPKfteArP4BkIVVpqE0lLbRGQ5w6Y.ij0-btjxMYKCsClNHg0dQjDvU9G3dbnFUap9IM5dt98&dib_tag=se&keywords=lego+architecture&qid=1758914030&sr=8-25
Architecture,10214,B003Q6BQOY,LEGO Creator - 10214 - Jeu de Construction - Le Tower Bridge,369.00,Stock faible (6),https://www.amazon.fr/Lego-Creator-10214-Construction-Bridge/dp/B003Q6BQOY/ref=sr_1_29_mod_primary_new?dib=eyJ2IjoiMSJ9.85yZE5LK2GZl_5FtykXuo96YbE7t5RQ6iDlMo8GpRe5XW5qCv8ci2XoIWGwwc2M3BAwvHuOpqLge9On-9nfHXv1ew1GgxsOOcNxqOtZlmCHXgg34SJo3221dx8H8jcP32dGytzxSsmx03jMMcNfAiZ396zBLyVDX8un2XkygpX1-FSWhXphbQxIBZwlhX1VR6cRtt6BU9niks3A3TUzgOREVW6wVoDTpuaHY9VQERYxWEYdKWwN9Xi6vUDcrVgQxCSpsHuJPABdFUmiPKfteArP4BkIVVpqE0lLbRGQ5w6Y.ij0-btjxMYKCsClNHg0dQjDvU9G3dbnFUap9IM5dt98&dib_tag=se&keywords=lego+architecture&qid=1758914030&sbo=RZvfv%2F%2FHxDF%2BO5021pAnSA%3D%3D&sr=8-29
Architecture,21052,B07W4KT2C9,"LEGO 21052 Architecture Dubaï, Idée Cadeau pour Adolescent de 16 Ans et Plus, Loisirs Créatifs Adultes, Maquettes et Modélisme",99.99,Stock faible (5),https://www.amazon.fr/LEGO-21052-Architecture-construction-collectionner/dp/B07W4KT2C9/ref=sr_1_33?dib=eyJ2IjoiMSJ9.85yZE5LK2GZl_5FtykXuo96YbE7t5RQ6iDlMo8GpRe5XW5qCv8ci2XoIWGwwc2M3BAwvHuOpqLge9On-9nfHXv1ew1GgxsOOcNxqOtZlmCHXgg34SJo3221dx8H8jcP32dGytzxSsmx03jMMcNfAiZ396zBLyVDX8un2XkygpX1-FSWhXphbQxIBZwlhX1VR6cRtt6BU9niks3A3TUzgOREVW6wVoDTpuaHY9VQERYxWEYdKWwN9Xi6vUDcrVgQxCSpsHuJPABdFUmiPKfteArP4BkIVVpqE0lLbRGQ5w6Y.ij0-btjxMYKCsClNHg0dQjDvU9G3dbnFUap9IM5dt98&dib_tag=se&keywords=lego+architecture&qid=1758914030&sr=8-33
Architecture,21041,B07658Q4S7,LEGO Architecture - La Grande Muraille de Chine - 21041 - Jeu de Construction,129.00,Stock faible (1),https://www.amazon.fr/LEGO-Die-Chinesische-Mauer-21041/dp/B07658Q4S7/ref=sr_1_37?dib=eyJ2IjoiMSJ9.85yZE5LK2GZl_5FtykXuo96YbE7t5RQ6iDlMo8GpRe5XW5qCv8ci2XoIWGwwc2M3BAwvHuOpqLge9On-9nfHXv1ew1GgxsOOcNxqOtZlmCHXgg34SJo3221dx8H8jcP32dGytzxSsmx03jMMcNfAiZ396zBLyVDX8un2XkygpX1-FSWhXphbQxIBZwlhX1VR6cRtt6BU9niks3A3TUzgOREVW6wVoDTpuaHY9VQERYxWEYdKWwN9Xi6vUDcrVgQxCSpsHuJPABdFUmiPKfteArP4BkIVVpqE0lLbRGQ5w6Y.ij0-btjxMYKCsClNHg0dQjDvU9G3dbnFUap9IM5dt98&dib_tag=se&keywords=lego+architecture&qid=1758914030&sr=8-37
Architecture,21047,B0792R4WY8,LEGO Architecture - Las Vegas - 21047 - Jeu de construction,133.90,Stock faible (1),https://www.amazon.fr/LEGO-Architecture-Vegas-21047-construction/dp/B0792R4WY8/ref=sr_1_38_mod_primary_new?dib=eyJ2IjoiMSJ9.85yZE5LK2GZl_5FtykXuo96YbE7t5RQ6iDlMo8GpRe5XW5qCv8ci2XoIWGwwc2M3BAwvHuOpqLge9On-9nfHXv1ew1GgxsOOcNxqOtZlmCHXgg34SJo3221dx8H8jcP32dGytzxSsmx03jMMcNfAiZ396zBLyVDX8un2XkygpX1-FSWhXphbQxIBZwlhX1VR6cRtt6BU9niks3A3TUzgOREVW6wVoDTpuaHY9VQERYxWEYdKWwN9Xi6vUDcrVgQxCSpsHuJPABdFUmiPKfteArP4BkIVVpqE0lLbRGQ5w6Y.ij0-btjxMYKCsClNHg0dQjDvU9G3dbnFUap9IM5dt98&dib_tag=se&keywords=lego+architecture&qid=1758914030&sbo=RZvfv%2F%2FHxDF%2BO5021pAnSA%3D%3D&sr=8-38
Architecture,21046,B07KTLHZVC,"LEGO 21046 Architecture L’Empire State Building, Loisirs Créatifs Adultes Cadeau Adolescent 16 Ans, Maquettes et Modélisme",201.72,Stock faible (3),https://www.amazon.fr/LEGO%C2%AE-Building-Architecture-Construction-Multicolore/dp/B07KTLHZVC/ref=sr_1_39_mod_primary_new?dib=eyJ2IjoiMSJ9.85yZE5LK2GZl_5FtykXuo96YbE7t5RQ6iDlMo8GpRe5XW5qCv8ci2XoIWGwwc2M3BAwvHuOpqLge9On-9nfHXv1ew1GgxsOOcNxqOtZlmCHXgg34SJo3221dx8H8jcP32dGytzxSsmx03jMMcNfAiZ396zBLyVDX8un2XkygpX1-FSWhXphbQxIBZwlhX1VR6cRtt6BU9niks3A3TUzgOREVW6wVoDTpuaHY9VQERYxWEYdKWwN9Xi6vUDcrVgQxCSpsHuJPABdFUmiPKfteArP4BkIVVpqE0lLbRGQ5w6Y.ij0-btjxMYKCsClNHg0dQjDvU9G3dbnFUap9IM5dt98&dib_tag=se&keywords=lego+architecture&qid=1758914030&sbo=RZvfv%2F%2FHxDF%2BO5021pAnSA%3D%3D&sr=8-39
Architecture,21029,B01AC1CTFK,Lego Architecture - 21029 - Le Palais De Buckingham,199.00,Stock faible (1),https://www.amazon.fr/Lego-Architecture-Palais-Buckingham-Construction/dp/B01AC1CTFK/ref=sr_1_41?dib=eyJ2IjoiMSJ9.85yZE5LK2GZl_5FtykXuo96YbE7t5RQ6iDlMo8GpRe5XW5qCv8ci2XoIWGwwc2M3BAwvHuOpqLge9On-9nfHXv1ew1GgxsOOcNxqOtZlmCHXgg34SJo3221dx8H8jcP32dGytzxSsmx03jMMcNfAiZ396zBLyVDX8un2XkygpX1-FSWhXphbQxIBZwlhX1VR6cRtt6BU9niks3A3TUzgOREVW6wVoDTpuaHY9VQERYxWEYdKWwN9Xi6vUDcrVgQxCSpsHuJPABdFUmiPKfteArP4BkIVVpqE0lLbRGQ5w6Y.ij0-btjxMYKCsClNHg0dQjDvU9G3dbnFUap9IM5dt98&dib_tag=se&keywords=lego+architecture&qid=1758914030&sr=8-41
Architecture,21037,B07639KRB4,LEGO® Architecture 21037 House Billund 2017,110.16,Stock faible (1),https://www.amazon.fr/LEGO%C2%AE-Architecture-21037-House-Billund/dp/B07639KRB4/ref=sr_1_47?dib=eyJ2IjoiMSJ9.85yZE5LK2GZl_5FtykXuo96YbE7t5RQ6iDlMo8GpRe5XW5qCv8ci2XoIWGwwc2M3BAwvHuOpqLge9On-9nfHXv1ew1GgxsOOcNxqOtZlmCHXgg34SJo3221dx8H8jcP32dGytzxSsmx03jMMcNfAiZ396zBLyVDX8un2XkygpX1-FSWhXphbQxIBZwlhX1VR6cRtt6BU9niks3A3TUzgOREVW6wVoDTpuaHY9VQERYxWEYdKWwN9Xi6vUDcrVgQxCSpsHuJPABdFUmiPKfteArP4BkIVVpqE0lLbRGQ5w6Y.ij0-btjxMYKCsClNHg0dQjDvU9G3dbnFUap9IM5dt98&dib_tag=se&keywords=lego+architecture&qid=1758914030&sr=8-47
Architecture,21036,B06WVBMC97,LEGO Sa - 21036 - L’Arc de Triomphe,155.99,Stock faible (1),https://www.amazon.fr/Lego-Architecture-Triomphe-21036-Construction/dp/B06WVBMC97/ref=sr_1_51?dib=eyJ2IjoiMSJ9.uJWwkjM-ylS_-ARZhuZHjYJvs9JQ4F6cBOrY0DQ98Plv-Zt-xsX_BxCQIJQ_6G7KRrgMfDImrRAO7Ixs7aoKUBPJ5RBgItLNNK1y_aeg7mAhZW91ZJjV17fkmZGKQY4UFg3Ke_Re7RvqIx_SoIdAquLzZkQuL8_pZci3AItRyzcxdaiHNJojK3E3_Yt1w-C8yJXFRRVMWadDvZFGyrhtHiEFyV32tMcXwuJ2gbMn__hNUT5I4YYIdE3FzwuC4WNOu0d_novSvVGunYIq_LYSDiig5Ve-i3kHG04kbaXdO0g.sb34H-XC1CNQT3afrYbKIyPQX3-orjocNIMmhamQ_J8&dib_tag=se&keywords=lego+architecture&qid=1758914054&sr=8-51&xpid=uLqcWpG86XRqR
Architecture,21057,B09FM8MKZ7,LEGO Architecture Skyline Collection : Singapour - 21057 - Kit de construction - Modèle de présentation à collectionner pour adultes (827 pièces),85.00,Stock faible (1),https://www.amazon.fr/LEGO-Architecture-Skyline-Collection-collectionner/dp/B09FM8MKZ7/ref=sr_1_54_mod_primary_new?dib=eyJ2IjoiMSJ9.uJWwkjM-ylS_-ARZhuZHjYJvs9JQ4F6cBOrY0DQ98Plv-Zt-xsX_BxCQIJQ_6G7KRrgMfDImrRAO7Ixs7aoKUBPJ5RBgItLNNK1y_aeg7mAhZW91ZJjV17fkmZGKQY4UFg3Ke_Re7RvqIx_SoIdAquLzZkQuL8_pZci3AItRyzcxdaiHNJojK3E3_Yt1w-C8yJXFRRVMWadDvZFGyrhtHiEFyV32tMcXwuJ2gbMn__hNUT5I4YYIdE3FzwuC4WNOu0d_novSvVGunYIq_LYSDiig5Ve-i3kHG04kbaXdO0g.sb34H-XC1CNQT3afrYbKIyPQX3-orjocNIMmhamQ_J8&dib_tag=se&keywords=lego+architecture&qid=1758914054&sbo=RZvfv%2F%2FHxDF%2BO5021pAnSA%3D%3D&sr=8-54&xpid=uLqcWpG86XRqR
Architecture,21039,B075H1XL8Y,LEGO Architecture - Shanghai - 21039 - Jeu de Construction,159.99,Stock faible (1),https://www.amazon.fr/Lego-Architecture-Shanghai-21039-Construction/dp/B075H1XL8Y/ref=sr_1_60_mod_primary_new?dib=eyJ2IjoiMSJ9.uJWwkjM-ylS_-ARZhuZHjYJvs9JQ4F6cBOrY0DQ98Plv-Zt-xsX_BxCQIJQ_6G7KRrgMfDImrRAO7Ixs7aoKUBPJ5RBgItLNNK1y_aeg7mAhZW91ZJjV17fkmZGKQY4UFg3Ke_Re7RvqIx_SoIdAquLzZkQuL8_pZci3AItRyzcxdaiHNJojK3E3_Yt1w-C8yJXFRRVMWadDvZFGyrhtHiEFyV32tMcXwuJ2gbMn__hNUT5I4YYIdE3FzwuC4WNOu0d_novSvVGunYIq_LYSDiig5Ve-i3kHG04kbaXdO0g.sb34H-XC1CNQT3afrYbKIyPQX3-orjocNIMmhamQ_J8&dib_tag=se&keywords=lego+architecture&qid=1758914054&sbo=RZvfv%2F%2FHxDF%2BO5021pAnSA%3D%3D&sr=8-60&xpid=uLqcWpG86XRqR
Architecture,21028,B01LW89YZZ,"(USA Warehouse) 2016 LEGO ARCHITECTURE NEW YORK CITY 21028, NEW, HARD TO FIND, GREAT GIFT! **ITEM#NO: 43E8E-UFE6 C2A22247 by KOBOSY",68.90,Stock faible (5),https://www.amazon.fr/Warehouse-2016-ARCHITECTURE-21028-GREAT/dp/B01LW89YZZ/ref=sr_1_69?dib=eyJ2IjoiMSJ9.uJWwkjM-ylS_-ARZhuZHjYJvs9JQ4F6cBOrY0DQ98Plv-Zt-xsX_BxCQIJQ_6G7KRrgMfDImrRAO7Ixs7aoKUBPJ5RBgItLNNK1y_aeg7mAhZW91ZJjV17fkmZGKQY4UFg3Ke_Re7RvqIx_SoIdAquLzZkQuL8_pZci3AItRyzcxdaiHNJojK3E3_Yt1w-C8yJXFRRVMWadDvZFGyrhtHiEFyV32tMcXwuJ2gbMn__hNUT5I4YYIdE3FzwuC4WNOu0d_novSvVGunYIq_LYSDiig5Ve-i3kHG04kbaXdO0g.sb34H-XC1CNQT3afrYbKIyPQX3-orjocNIMmhamQ_J8&dib_tag=se&keywords=lego+architecture&qid=1758914054&sr=8-69&xpid=uLqcWpG86XRqR
Architecture,40583,B0BSGY575Q,"LEGO 40583 Houses of the World 1 Édition limitée d'Amérique du Sud, hommage à l'architecture et à la culture sud-américaines 12+ 348 pièces",59.00,Stock faible (1),https://www.amazon.fr/LEGO-40583-Houses-World-sud-am%C3%A9ricaines/dp/B0BSGY575Q/ref=sr_1_72?dib=eyJ2IjoiMSJ9.uJWwkjM-ylS_-ARZhuZHjYJvs9JQ4F6cBOrY0DQ98Plv-Zt-xsX_BxCQIJQ_6G7KRrgMfDImrRAO7Ixs7aoKUBPJ5RBgItLNNK1y_aeg7mAhZW91ZJjV17fkmZGKQY4UFg3Ke_Re7RvqIx_SoIdAquLzZkQuL8_pZci3AItRyzcxdaiHNJojK3E3_Yt1w-C8yJXFRRVMWadDvZFGyrhtHiEFyV32tMcXwuJ2gbMn__hNUT5I4YYIdE3FzwuC4WNOu0d_novSvVGunYIq_LYSDiig5Ve-i3kHG04kbaXdO0g.sb34H-XC1CNQT3afrYbKIyPQX3-orjocNIMmhamQ_J8&dib_tag=se&keywords=lego+architecture&qid=1758914054&sr=8-72&xpid=uLqcWpG86XRqR
Architecture,40599,B0CLNLLGF5,"LEGO Maisons du monde 4 GWP (40599, 318 pièces)",59.00,Stock faible (1),https://www.amazon.fr/LEGO-Maisons-monde-40599-pi%C3%A8ces/dp/B0CLNLLGF5/ref=sr_1_73?dib=eyJ2IjoiMSJ9.uJWwkjM-ylS_-ARZhuZHjYJvs9JQ4F6cBOrY0DQ98Plv-Zt-xsX_BxCQIJQ_6G7KRrgMfDImrRAO7Ixs7aoKUBPJ5RBgItLNNK1y_aeg7mAhZW91ZJjV17fkmZGKQY4UFg3Ke_Re7RvqIx_SoIdAquLzZkQuL8_pZci3AItRyzcxdaiHNJojK3E3_Yt1w-C8yJXFRRVMWadDvZFGyrhtHiEFyV32tMcXwuJ2gbMn__hNUT5I4YYIdE3FzwuC4WNOu0d_novSvVGunYIq_LYSDiig5Ve-i3kHG04kbaXdO0g.sb34H-XC1CNQT3afrYbKIyPQX3-orjocNIMmhamQ_J8&dib_tag=se&keywords=lego+architecture&qid=1758914054&sr=8-73&xpid=uLqcWpG86XRqR
Architecture,21000,B002IY3616,Architecture Willis Tower Lego 21000,202.00,Stock faible (1),https://www.amazon.fr/Architecture-Willis-Tower-Lego-21000/dp/B002IY3616/ref=sr_1_75_mod_primary_new?dib=eyJ2IjoiMSJ9.uJWwkjM-ylS_-ARZhuZHjYJvs9JQ4F6cBOrY0DQ98Plv-Zt-xsX_BxCQIJQ_6G7KRrgMfDImrRAO7Ixs7aoKUBPJ5RBgItLNNK1y_aeg7mAhZW91ZJjV17fkmZGKQY4UFg3Ke_Re7RvqIx_SoIdAquLzZkQuL8_pZci3AItRyzcxdaiHNJojK3E3_Yt1w-C8yJXFRRVMWadDvZFGyrhtHiEFyV32tMcXwuJ2gbMn__hNUT5I4YYIdE3FzwuC4WNOu0d_novSvVGunYIq_LYSDiig5Ve-i3kHG04kbaXdO0g.sb34H-XC1CNQT3afrYbKIyPQX3-orjocNIMmhamQ_J8&dib_tag=se&keywords=lego+architecture&qid=1758914054&sbo=RZvfv%2F%2FHxDF%2BO5021pAnSA%3D%3D&sr=8-75&xpid=uLqcWpG86XRqR
Architecture,21039,B075NWG66Q,LEGO Architecture Shanghai 21039 Building Kit (597 Pieces),165.00,Stock faible (1),https://www.amazon.fr/LEGO-Architecture-Shanghai-Building-Pieces/dp/B075NWG66Q/ref=sr_1_77?dib=eyJ2IjoiMSJ9.uJWwkjM-ylS_-ARZhuZHjYJvs9JQ4F6cBOrY0DQ98Plv-Zt-xsX_BxCQIJQ_6G7KRrgMfDImrRAO7Ixs7aoKUBPJ5RBgItLNNK1y_aeg7mAhZW91ZJjV17fkmZGKQY4UFg3Ke_Re7RvqIx_SoIdAquLzZkQuL8_pZci3AItRyzcxdaiHNJojK3E3_Yt1w-C8yJXFRRVMWadDvZFGyrhtHiEFyV32tMcXwuJ2gbMn__hNUT5I4YYIdE3FzwuC4WNOu0d_novSvVGunYIq_LYSDiig5Ve-i3kHG04kbaXdO0g.sb34H-XC1CNQT3afrYbKIyPQX3-orjocNIMmhamQ_J8&dib_tag=se&keywords=lego+architecture&qid=1758914054&sr=8-77&xpid=uLqcWpG86XRqR
Architecture,21057,B0BC8VTHGC,LEGO Architecture 21057 Singapur,76.84,Stock faible (1),https://www.amazon.fr/LEGO-Architecture-21057-Singapur/dp/B0BC8VTHGC/ref=sr_1_79_mod_primary_new?dib=eyJ2IjoiMSJ9.uJWwkjM-ylS_-ARZhuZHjYJvs9JQ4F6cBOrY0DQ98Plv-Zt-xsX_BxCQIJQ_6G7KRrgMfDImrRAO7Ixs7aoKUBPJ5RBgItLNNK1y_aeg7mAhZW91ZJjV17fkmZGKQY4UFg3Ke_Re7RvqIx_SoIdAquLzZkQuL8_pZci3AItRyzcxdaiHNJojK3E3_Yt1w-C8yJXFRRVMWadDvZFGyrhtHiEFyV32tMcXwuJ2gbMn__hNUT5I4YYIdE3FzwuC4WNOu0d_novSvVGunYIq_LYSDiig5Ve-i3kHG04kbaXdO0g.sb34H-XC1CNQT3afrYbKIyPQX3-orjocNIMmhamQ_J8&dib_tag=se&keywords=lego+architecture&qid=1758914054&sbo=RZvfv%2F%2FHxDF%2BO5021pAnSA%3D%3D&sr=8-79&xpid=uLqcWpG86XRqR
Ideas,21343,B0CFD9ZKZJ,LEGO® Ideas 21343 Le Village Viking Exclusivité,137.90,Stock faible (5),https://www.amazon.fr/LEGO-Ideas-Viking-Village-21343/dp/B0CFD9ZKZJ/ref=sr_1_25?dib=eyJ2IjoiMSJ9.M2V9XBPYcPx_7lQ6W40-3UeCSljc4hUqpCes_C-tY7qwVuvSyX00t2xp7lOeqChyUi2ooqHrfOA4yQEmZ1KPUPUsNMFf9tMDOAYDlFHtVzWaiIWRkcwME43o-_sAAXwIgem9ruoMCgdVbHFRq7bZEjwbJt3IM717q1q8IW2ItVH6X-m-BhiLdX0Kbj46CjFB578bN9ygUOzogq3fPTgPZMHURSq7nRhaCyUVhbIaMhzZl99D-pjuk3DVpC8uV1BqKKtEwnei_xnmR0PQVDFnxi4JKRg8oZ7doKnwx2Wls-8.k5oHuGCpgN5O_etpE0OkCvIuIA7WTEp98C9ODb_XyKA&dib_tag=se&keywords=lego+ideas&qid=1758914075&sr=8-25
Ideas,40448,B08SJ8R7WB,Lego Ideas Vintage 50's Car 40448 Building Set - 189 Pieces,35.29,Stock faible (1),https://www.amazon.fr/Lego-40448-Ideas-Vintage-pi%C3%A8ces/dp/B08SJ8R7WB/ref=sr_1_40?dib=eyJ2IjoiMSJ9.M2V9XBPYcPx_7lQ6W40-3UeCSljc4hUqpCes_C-tY7qwVuvSyX00t2xp7lOeqChyUi2ooqHrfOA4yQEmZ1KPUPUsNMFf9tMDOAYDlFHtVzWaiIWRkcwME43o-_sAAXwIgem9ruoMCgdVbHFRq7bZEjwbJt3IM717q1q8IW2ItVH6X-m-BhiLdX0Kbj46CjFB578bN9ygUOzogq3fPTgPZMHURSq7nRhaCyUVhbIaMhzZl99D-pjuk3DVpC8uV1BqKKtEwnei_xnmR0PQVDFnxi4JKRg8oZ7doKnwx2Wls-8.k5oHuGCpgN5O_etpE0OkCvIuIA7WTEp98C9ODb_XyKA&dib_tag=se&keywords=lego+ideas&qid=1758914075&sr=8-40
Ideas,40533,B0B1QV138J,LEGO 40533 Cosmic Cardboard Adventures Lego Ideas Promo,36.83,Stock faible (1),https://www.amazon.fr/LEGO-40533-Cosmic-Cardboard-Adventures/dp/B0B1QV138J/ref=sr_1_47?dib=eyJ2IjoiMSJ9.M2V9XBPYcPx_7lQ6W40-3UeCSljc4hUqpCes_C-tY7qwVuvSyX00t2xp7lOeqChyUi2ooqHrfOA4yQEmZ1KPUPUsNMFf9tMDOAYDlFHtVzWaiIWRkcwME43o-_sAAXwIgem9ruoMCgdVbHFRq7bZEjwbJt3IM717q1q8IW2ItVH6X-m-BhiLdX0Kbj46CjFB578bN9ygUOzogq3fPTgPZMHURSq7nRhaCyUVhbIaMhzZl99D-pjuk3DVpC8uV1BqKKtEwnei_xnmR0PQVDFnxi4JKRg8oZ7doKnwx2Wls-8.k5oHuGCpgN5O_etpE0OkCvIuIA7WTEp98C9ODb_XyKA&dib_tag=se&keywords=lego+ideas&qid=1758914075&sr=8-47
Ideas,21313,B079PDGK55,LEGO - Ideas - Bateau en bouteille - 21313 - Jeu de construction,174.15,Stock faible (4),https://www.amazon.fr/LEGO-Ideas-Bateau-bouteille-construction/dp/B079PDGK55/ref=sr_1_56_mod_primary_new?dib=eyJ2IjoiMSJ9.M2V9XBPYcPx_7lQ6W40-3UeCSljc4hUqpCes_C-tY7qwVuvSyX00t2xp7lOeqChyUi2ooqHrfOA4yQEmZ1KPUPUsNMFf9tMDOAYDlFHtVzWaiIWRkcwME43o-_sAAXwIgem9ruoMCgdVbHFRq7bZEjwbJt3IM717q1q8IW2ItVH6X-m-BhiLdX0Kbj46CjFB578bN9ygUOzogq3fPTgPZMHURSq7nRhaCyUVhbIaMhzZl99D-pjuk3DVpC8uV1BqKKtEwnei_xnmR0PQVDFnxi4JKRg8oZ7doKnwx2Wls-8.k5oHuGCpgN5O_etpE0OkCvIuIA7WTEp98C9ODb_XyKA&dib_tag=se&keywords=lego+ideas&qid=1758914075&sbo=RZvfv%2F%2FHxDF%2BO5021pAnSA%3D%3D&sr=8-56
Ideas,21320,B07ZD6TZKH,LEGO Ideas Dinosaurier-Fossilien DinosaurierFossilien 16 ans et plus (21320),122.00,Stock faible (3),https://www.amazon.fr/Lego-Ideas-Dinosaurier-Fossilien-Piece/dp/B07ZD6TZKH/ref=sr_1_50_mod_primary_new?dib=eyJ2IjoiMSJ9.OM0iPxGGcmijFWVQeR3Sb0n6oyxYGBVaDI1Hu1K1-mI-nvauK5dLAJcWQ_AF4P7SNO17BQjhYCvr3ROp4ncgSGqjsNyfI-Zo0MJkW4pXf9I2mntf46oi040l2wpPdwzcMQLhvPp6IdU3BDjQle44OM5bNIez3vFRVTOZcRqduMsKNEOyMmdzYpjUT23zoIxv1jStPKEyHMBk3o6BRhpZMOZRNJMEGBIN3bomp7gGZSe19Ookk_JVm2xycMGhIrmXLFC8W0jP12TymAiPVCSMBlRqZ6uR1HwWWr49OhFsIw4.MNnX7lqy8kdnGsinu8Zr6ll6aT8VlEvBDX7rVQaKZFc&dib_tag=se&keywords=lego+ideas&qid=1758914100&sbo=RZvfv%2F%2FHxDF%2BO5021pAnSA%3D%3D&sr=8-50&xpid=_B0p8oEI6DSqf
Ideas,21336,B0BC7B8H1J,LEGO Ideas The Office 21336,229.50,Stock faible (7),https://www.amazon.fr/Lego-Ideas-21336-The-Office/dp/B0BC7B8H1J/ref=sr_1_65_mod_primary_new?dib=eyJ2IjoiMSJ9.OM0iPxGGcmijFWVQeR3Sb0n6oyxYGBVaDI1Hu1K1-mI-nvauK5dLAJcWQ_AF4P7SNO17BQjhYCvr3ROp4ncgSGqjsNyfI-Zo0MJkW4pXf9I2mntf46oi040l2wpPdwzcMQLhvPp6IdU3BDjQle44OM5bNIez3vFRVTOZcRqduMsKNEOyMmdzYpjUT23zoIxv1jStPKEyHMBk3o6BRhpZMOZRNJMEGBIN3bomp7gGZSe19Ookk_JVm2xycMGhIrmXLFC8W0jP12TymAiPVCSMBlRqZ6uR1HwWWr49OhFsIw4.MNnX7lqy8kdnGsinu8Zr6ll6aT8VlEvBDX7rVQaKZFc&dib_tag=se&keywords=lego+ideas&qid=1758914100&sbo=RZvfv%2F%2FHxDF%2BO5021pAnSA%3D%3D&sr=8-65&xpid=_B0p8oEI6DSqf
Ideas,40574,B0B86Y9WF7,LEGO Ideas - Boutique Officielle LEGO® (40574),53.53,Stock faible (1),https://www.amazon.fr/LEGO-Ideas-Boutique-Officielle-LEGO%C2%AE/dp/B0B86Y9WF7/ref=sr_1_75?dib=eyJ2IjoiMSJ9.OM0iPxGGcmijFWVQeR3Sb0n6oyxYGBVaDI1Hu1K1-mI-nvauK5dLAJcWQ_AF4P7SNO17BQjhYCvr3ROp4ncgSGqjsNyfI-Zo0MJkW4pXf9I2mntf46oi040l2wpPdwzcMQLhvPp6IdU3BDjQle44OM5bNIez3vFRVTOZcRqduMsKNEOyMmdzYpjUT23zoIxv1jStPKEyHMBk3o6BRhpZMOZRNJMEGBIN3bomp7gGZSe19Ookk_JVm2xycMGhIrmXLFC8W0jP12TymAiPVCSMBlRqZ6uR1HwWWr49OhFsIw4.MNnX7lqy8kdnGsinu8Zr6ll6aT8VlEvBDX7rVQaKZFc&dib_tag=se&keywords=lego+ideas&qid=1758914100&sr=8-75&xpid=_B0p8oEI6DSqf
Ideas,21318,B07XGDYG2H,LEGO Ideas - 21318 Ideas La Cabane dans l'arbre,255.00,Stock faible (1),https://www.amazon.fr/LEGO-5702016554205-Petit-Construction-Multicolore/dp/B07XGDYG2H/ref=sr_1_83?dib=eyJ2IjoiMSJ9.OM0iPxGGcmijFWVQeR3Sb0n6oyxYGBVaDI1Hu1K1-mI-nvauK5dLAJcWQ_AF4P7SNO17BQjhYCvr3ROp4ncgSGqjsNyfI-Zo0MJkW4pXf9I2mntf46oi040l2wpPdwzcMQLhvPp6IdU3BDjQle44OM5bNIez3vFRVTOZcRqduMsKNEOyMmdzYpjUT23zoIxv1jStPKEyHMBk3o6BRhpZMOZRNJMEGBIN3bomp7gGZSe19Ookk_JVm2xycMGhIrmXLFC8W0jP12TymAiPVCSMBlRqZ6uR1HwWWr49OhFsIw4.MNnX7lqy8kdnGsinu8Zr6ll6aT8VlEvBDX7rVQaKZFc&dib_tag=se&keywords=lego+ideas&qid=1758914100&sr=8-83&xpid=_B0p8oEI6DSqf
Ideas,21345,B0CGY4H58V,"LEGO Ideas 21345 Kit de construction d'appareil photo Polaroid OneStep SX-70, cadeau créatif pour photographes, modèle d'appareil photo Polaroid vintage en brique de collection, activité créative ou",89.95,Stock faible (10),https://www.amazon.fr/LEGO-construction-dappareil-photographes-collection/dp/B0CGY4H58V/ref=sr_1_89_mod_primary_new?dib=eyJ2IjoiMSJ9.OM0iPxGGcmijFWVQeR3Sb0n6oyxYGBVaDI1Hu1K1-mI-nvauK5dLAJcWQ_AF4P7SNO17BQjhYCvr3ROp4ncgSGqjsNyfI-Zo0MJkW4pXf9I2mntf46oi040l2wpPdwzcMQLhvPp6IdU3BDjQle44OM5bNIez3vFRVTOZcRqduMsKNEOyMmdzYpjUT23zoIxv1jStPKEyHMBk3o6BRhpZMOZRNJMEGBIN3bomp7gGZSe19Ookk_JVm2xycMGhIrmXLFC8W0jP12TymAiPVCSMBlRqZ6uR1HwWWr49OhFsIw4.MNnX7lqy8kdnGsinu8Zr6ll6aT8VlEvBDX7rVQaKZFc&dib_tag=se&keywords=lego+ideas&qid=1758914100&sbo=RZvfv%2F%2FHxDF%2BO5021pAnSA%3D%3D&sr=8-89&xpid=_B0p8oEI6DSqf
Ideas,21321,B083JWZNW7,Lego Ideas 21321,121.00,Stock faible (7),https://www.amazon.fr/LEGO-Ideas-21321-Spatiale-Internationale/dp/B083JWZNW7/ref=sr_1_92?dib=eyJ2IjoiMSJ9.OM0iPxGGcmijFWVQeR3Sb0n6oyxYGBVaDI1Hu1K1-mI-nvauK5dLAJcWQ_AF4P7SNO17BQjhYCvr3ROp4ncgSGqjsNyfI-Zo0MJkW4pXf9I2mntf46oi040l2wpPdwzcMQLhvPp6IdU3BDjQle44OM5bNIez3vFRVTOZcRqduMsKNEOyMmdzYpjUT23zoIxv1jStPKEyHMBk3o6BRhpZMOZRNJMEGBIN3bomp7gGZSe19Ookk_JVm2xycMGhIrmXLFC8W0jP12TymAiPVCSMBlRqZ6uR1HwWWr49OhFsIw4.MNnX7lqy8kdnGsinu8Zr6ll6aT8VlEvBDX7rVQaKZFc&dib_tag=se&keywords=lego+ideas&qid=1758914100&sr=8-92&xpid=_B0p8oEI6DSqf
